,date,sentiment
0,2007-01-01,-0.361
1,2007-01-02,0.586
2,2007-01-03,-0.073
3,2007-01-04,0.599
4,2007-01-05,0.0
5,2007-01-06,0.0
6,2007-01-07,0.0
7,2007-01-08,-0.047
8,2007-01-09,-0.735
9,2007-01-10,-0.384
10,2007-01-11,-0.381
11,2007-01-12,-0.494
12,2007-01-13,0.0
13,2007-01-14,0.382
14,2007-01-15,0.0
15,2007-01-16,-0.392
16,2007-01-17,0.114
17,2007-01-18,-0.357
18,2007-01-19,-0.136
19,2007-01-20,0.0
20,2007-01-21,-0.379
21,2007-01-22,-0.258
22,2007-01-23,0.128
23,2007-01-24,-0.681
24,2007-01-25,0.011
25,2007-01-26,0.63
26,2007-01-27,0.477
27,2007-01-28,0.0
28,2007-01-29,0.44
29,2007-01-30,0.35
30,2007-01-31,-0.073
31,2007-02-01,0.34
32,2007-02-02,-0.158
33,2007-02-03,0.0
34,2007-02-04,0.0
35,2007-02-05,-0.421
36,2007-02-06,0.403
37,2007-02-07,-0.617
38,2007-02-08,-0.047
39,2007-02-09,0.0
40,2007-02-10,0.0
41,2007-02-11,0.0
42,2007-02-12,0.0
43,2007-02-13,0.04
44,2007-02-14,0.173
45,2007-02-15,0.113
46,2007-02-16,0.0
47,2007-02-17,0.0
48,2007-02-18,0.572
49,2007-02-19,0.297
50,2007-02-20,0.404
51,2007-02-21,0.387
52,2007-02-22,0.376
53,2007-02-23,0.003
54,2007-02-24,0.0
55,2007-02-25,0.0
56,2007-02-26,0.505
57,2007-02-27,0.189
58,2007-02-28,0.023
59,2007-03-01,-0.217
60,2007-03-02,-0.183
61,2007-03-03,-0.296
62,2007-03-04,0.134
63,2007-03-05,0.192
64,2007-03-06,-0.051
65,2007-03-07,0.024
66,2007-03-08,-0.822
67,2007-03-09,-0.637
68,2007-03-10,0.128
69,2007-03-11,-0.402
70,2007-03-12,-0.189
71,2007-03-13,0.26
72,2007-03-14,-0.599
73,2007-03-15,0.183
74,2007-03-16,0.076
75,2007-03-17,-0.382
76,2007-03-18,0.065
77,2007-03-19,0.0
78,2007-03-20,0.526
79,2007-03-21,0.224
80,2007-03-22,-0.574
81,2007-03-23,-0.411
82,2007-03-24,0.0
83,2007-03-25,0.402
84,2007-03-26,-0.177
85,2007-03-27,-0.474
86,2007-03-28,0.009
87,2007-03-29,0.073
88,2007-03-30,0.051
89,2007-03-31,0.0
90,2007-04-01,0.0
91,2007-04-02,0.421
92,2007-04-03,0.0
93,2007-04-04,0.294
94,2007-04-05,0.225
95,2007-04-06,0.0
96,2007-04-07,0.0
97,2007-04-08,0.226
98,2007-04-09,0.402
99,2007-04-10,0.402
100,2007-04-11,0.076
101,2007-04-12,0.421
102,2007-04-13,0.05
103,2007-04-14,0.0
104,2007-04-15,-0.074
105,2007-04-16,0.322
106,2007-04-17,-0.048
107,2007-04-18,0.039
108,2007-04-19,0.036
109,2007-04-20,-0.171
110,2007-04-21,-0.318
111,2007-04-22,0.0
112,2007-04-23,-0.107
113,2007-04-24,0.254
114,2007-04-25,0.057
115,2007-04-26,0.327
116,2007-04-27,-0.146
117,2007-04-28,-0.517
118,2007-04-29,0.087
119,2007-04-30,0.511
120,2007-05-01,-0.28
121,2007-05-02,-0.232
122,2007-05-03,0.304
123,2007-05-04,0.494
124,2007-05-05,0.0
125,2007-05-06,-0.553
126,2007-05-07,0.318
127,2007-05-08,-0.092
128,2007-05-09,0.0
129,2007-05-10,0.052
130,2007-05-11,-0.066
131,2007-05-12,0.0
132,2007-05-13,0.0
133,2007-05-14,0.44
134,2007-05-15,0.163
135,2007-05-16,-0.543
136,2007-05-17,-0.494
137,2007-05-18,0.0
138,2007-05-19,-0.022
139,2007-05-20,0.018
140,2007-05-21,-0.515
141,2007-05-22,-0.122
142,2007-05-23,0.382
143,2007-05-24,-0.261
144,2007-05-25,0.141
145,2007-05-26,-0.077
146,2007-05-27,0.297
147,2007-05-28,0.101
148,2007-05-29,-0.182
149,2007-05-30,-0.09
150,2007-05-31,0.026
151,2007-06-01,0.477
152,2007-06-02,0.0
153,2007-06-03,0.0
154,2007-06-04,0.202
155,2007-06-05,-0.482
156,2007-06-06,-0.078
157,2007-06-07,-0.085
158,2007-06-08,-0.156
159,2007-06-09,-0.599
160,2007-06-10,0.361
161,2007-06-11,-0.161
162,2007-06-12,-0.01
163,2007-06-13,0.63
164,2007-06-14,0.0
165,2007-06-15,-0.637
166,2007-06-16,0.0
167,2007-06-17,-0.66
168,2007-06-18,-0.66
169,2007-06-19,0.511
170,2007-06-20,-0.178
171,2007-06-21,-0.034
172,2007-06-22,-0.367
173,2007-06-23,0.0
174,2007-06-24,-0.226
175,2007-06-25,-0.526
176,2007-06-26,-0.7
177,2007-06-27,0.273
178,2007-06-28,-0.12
179,2007-06-29,-0.296
180,2007-06-30,-0.163
181,2007-07-01,0.047
182,2007-07-02,-0.277
183,2007-07-03,-0.061
184,2007-07-04,0.026
185,2007-07-05,0.13
186,2007-07-06,0.342
187,2007-07-07,-0.494
188,2007-07-08,-0.713
189,2007-07-09,-0.378
190,2007-07-10,0.157
191,2007-07-11,-0.673
192,2007-07-12,0.163
193,2007-07-13,-0.649
194,2007-07-14,-0.419
195,2007-07-15,-0.404
196,2007-07-16,-0.296
197,2007-07-17,-0.572
198,2007-07-18,0.506
199,2007-07-19,0.572
200,2007-07-20,-0.052
201,2007-07-21,0.0
202,2007-07-22,-0.157
203,2007-07-23,0.0
204,2007-07-24,0.0
205,2007-07-25,-0.273
206,2007-07-26,-0.445
207,2007-07-27,-0.56
208,2007-07-28,0.138
209,2007-07-29,-0.582
210,2007-07-30,-0.494
211,2007-07-31,0.177
212,2007-08-01,0.284
213,2007-08-02,0.44
214,2007-08-03,-0.639
215,2007-08-04,-0.494
216,2007-08-05,0.0
217,2007-08-06,0.25
218,2007-08-07,0.402
219,2007-08-08,0.077
220,2007-08-09,0.0
221,2007-08-10,0.637
222,2007-08-11,-0.421
223,2007-08-12,0.0
224,2007-08-13,0.031
225,2007-08-14,0.367
226,2007-08-15,0.203
227,2007-08-16,0.0
228,2007-08-17,0.0
229,2007-08-18,0.0
230,2007-08-19,0.0
231,2007-08-20,0.026
232,2007-08-21,-0.006
233,2007-08-22,0.337
234,2007-08-23,0.449
235,2007-08-24,0.44
236,2007-08-25,-0.632
237,2007-08-26,-0.043
238,2007-08-27,0.105
239,2007-08-28,-0.399
240,2007-08-29,-0.329
241,2007-08-30,-0.557
242,2007-08-31,-0.296
243,2007-09-01,-0.44
244,2007-09-02,0.011
245,2007-09-03,-0.052
246,2007-09-04,0.055
247,2007-09-05,0.181
248,2007-09-06,0.191
249,2007-09-07,0.103
250,2007-09-08,0.0
251,2007-09-09,0.103
252,2007-09-10,0.446
253,2007-09-11,0.44
254,2007-09-12,0.147
255,2007-09-13,0.0
256,2007-09-14,0.0
257,2007-09-15,0.0
258,2007-09-16,0.0
259,2007-09-17,0.0
260,2007-09-18,0.184
261,2007-09-19,0.44
262,2007-09-20,-0.102
263,2007-09-21,0.455
264,2007-09-22,0.455
265,2007-09-23,0.455
266,2007-09-24,0.002
267,2007-09-25,-0.285
268,2007-09-26,0.327
269,2007-09-27,0.054
270,2007-09-28,0.08
271,2007-09-29,0.0
272,2007-09-30,0.026
273,2007-10-01,-0.101
274,2007-10-02,0.087
275,2007-10-03,-0.01
276,2007-10-04,-0.236
277,2007-10-05,-0.36
278,2007-10-06,0.0
279,2007-10-07,-0.128
280,2007-10-08,-0.255
281,2007-10-09,0.313
282,2007-10-10,-0.494
283,2007-10-11,-0.534
284,2007-10-12,-0.402
285,2007-10-13,0.361
286,2007-10-14,0.34
287,2007-10-15,-0.09
288,2007-10-16,-0.391
289,2007-10-17,0.148
290,2007-10-18,-0.39
291,2007-10-19,0.026
292,2007-10-20,0.0
293,2007-10-21,0.202
294,2007-10-22,-0.11
295,2007-10-23,0.296
296,2007-10-24,0.0
297,2007-10-25,-0.691
298,2007-10-26,0.053
299,2007-10-27,0.572
300,2007-10-28,0.263
301,2007-10-29,0.172
302,2007-10-30,0.24
303,2007-10-31,0.349
304,2007-11-01,-0.591
305,2007-11-02,0.0
306,2007-11-03,0.0
307,2007-11-04,0.0
308,2007-11-05,-0.411
309,2007-11-06,0.421
310,2007-11-07,0.084
311,2007-11-08,0.281
312,2007-11-09,-0.092
313,2007-11-10,-0.735
314,2007-11-11,0.0
315,2007-11-12,-0.102
316,2007-11-13,0.15
317,2007-11-14,0.284
318,2007-11-15,-0.216
319,2007-11-16,-0.718
320,2007-11-17,0.0
321,2007-11-18,0.105
322,2007-11-19,0.511
323,2007-11-20,0.449
324,2007-11-21,0.013
325,2007-11-22,0.04
326,2007-11-23,-0.67
327,2007-11-24,0.121
328,2007-11-25,0.36
329,2007-11-26,0.146
330,2007-11-27,0.473
331,2007-11-28,0.088
332,2007-11-29,0.469
333,2007-11-30,0.404
334,2007-12-01,-0.226
335,2007-12-02,0.103
336,2007-12-03,0.005
337,2007-12-04,-0.109
338,2007-12-05,0.232
339,2007-12-06,0.404
340,2007-12-07,-0.586
341,2007-12-08,0.836
342,2007-12-09,0.432
343,2007-12-10,0.378
344,2007-12-11,0.088
345,2007-12-12,0.031
346,2007-12-13,0.266
347,2007-12-14,0.351
348,2007-12-15,0.296
349,2007-12-16,0.122
350,2007-12-17,0.396
351,2007-12-18,0.051
352,2007-12-19,0.184
353,2007-12-20,0.054
354,2007-12-21,0.0
355,2007-12-22,0.0
356,2007-12-23,0.0
357,2007-12-24,0.0
358,2007-12-25,-0.34
359,2007-12-26,0.0
360,2007-12-27,-0.135
361,2007-12-28,0.511
362,2007-12-29,0.0
363,2007-12-30,-0.67
364,2007-12-31,-0.226
365,2008-01-01,-0.844
366,2008-01-02,0.014
367,2008-01-03,0.233
368,2008-01-04,0.132
369,2008-01-05,-0.128
370,2008-01-06,0.436
371,2008-01-07,-0.013
372,2008-01-08,0.21
373,2008-01-09,0.042
374,2008-01-10,0.377
375,2008-01-11,0.25
376,2008-01-12,0.584
377,2008-01-13,0.318
378,2008-01-14,0.085
379,2008-01-15,0.298
380,2008-01-16,-0.36
381,2008-01-17,-0.336
382,2008-01-18,0.349
383,2008-01-19,-0.572
384,2008-01-20,-0.101
385,2008-01-21,-0.041
386,2008-01-22,0.083
387,2008-01-23,-0.164
388,2008-01-24,0.256
389,2008-01-25,0.474
390,2008-01-26,0.296
391,2008-01-27,-0.152
392,2008-01-28,0.164
393,2008-01-29,0.191
394,2008-01-30,0.22
395,2008-01-31,0.407
396,2008-02-01,-0.009
397,2008-02-02,0.822
398,2008-02-03,0.612
399,2008-02-04,0.186
400,2008-02-05,0.077
401,2008-02-06,0.44
402,2008-02-07,-0.065
403,2008-02-08,0.625
404,2008-02-09,-0.454
405,2008-02-10,0.469
406,2008-02-11,0.329
407,2008-02-12,0.301
408,2008-02-13,0.148
409,2008-02-14,0.177
410,2008-02-15,-0.01
411,2008-02-16,0.395
412,2008-02-17,0.397
413,2008-02-18,0.348
414,2008-02-19,0.076
415,2008-02-20,0.286
416,2008-02-21,0.228
417,2008-02-22,0.44
418,2008-02-23,0.0
419,2008-02-24,0.474
420,2008-02-25,0.377
421,2008-02-26,0.204
422,2008-02-27,0.274
423,2008-02-28,0.397
424,2008-02-29,0.005
425,2008-03-01,0.572
426,2008-03-02,-0.011
427,2008-03-03,0.37
428,2008-03-04,0.495
429,2008-03-05,0.226
430,2008-03-06,0.077
431,2008-03-07,0.02
432,2008-03-08,0.406
433,2008-03-09,-0.231
434,2008-03-10,0.151
435,2008-03-11,-0.058
436,2008-03-12,0.018
437,2008-03-13,-0.35
438,2008-03-14,-0.203
439,2008-03-15,-0.226
440,2008-03-16,0.018
441,2008-03-17,0.005
442,2008-03-18,0.075
443,2008-03-19,0.372
444,2008-03-20,-0.091
445,2008-03-21,0.431
446,2008-03-22,0.0
447,2008-03-23,0.0
448,2008-03-24,0.431
449,2008-03-25,0.17
450,2008-03-26,0.599
451,2008-03-27,0.381
452,2008-03-28,-0.273
453,2008-03-29,-0.273
454,2008-03-30,0.296
455,2008-03-31,0.214
456,2008-04-01,-0.147
457,2008-04-02,0.061
458,2008-04-03,-0.018
459,2008-04-04,-0.221
460,2008-04-05,-0.5
461,2008-04-06,0.07
462,2008-04-07,0.0
463,2008-04-08,-0.191
464,2008-04-09,0.038
465,2008-04-10,0.029
466,2008-04-11,-0.112
467,2008-04-12,0.0
468,2008-04-13,-0.078
469,2008-04-14,-0.085
470,2008-04-15,0.052
471,2008-04-16,0.127
472,2008-04-17,0.473
473,2008-04-18,0.34
474,2008-04-19,0.178
475,2008-04-20,0.265
476,2008-04-21,0.227
477,2008-04-22,0.197
478,2008-04-23,-0.071
479,2008-04-24,-0.061
480,2008-04-25,0.0
481,2008-04-26,0.0
482,2008-04-27,0.18
483,2008-04-28,0.351
484,2008-04-29,0.088
485,2008-04-30,0.197
486,2008-05-01,-0.031
487,2008-05-02,0.0
488,2008-05-03,0.0
489,2008-05-04,0.44
490,2008-05-05,0.237
491,2008-05-06,0.153
492,2008-05-07,-0.253
493,2008-05-08,0.241
494,2008-05-09,0.444
495,2008-05-10,0.45
496,2008-05-11,0.082
497,2008-05-12,-0.174
498,2008-05-13,0.224
499,2008-05-14,0.281
500,2008-05-15,0.189
501,2008-05-16,-0.205
502,2008-05-17,0.0
503,2008-05-18,0.321
504,2008-05-19,0.421
505,2008-05-20,-0.052
506,2008-05-21,-0.085
507,2008-05-22,0.19
508,2008-05-23,-0.011
509,2008-05-24,0.0
510,2008-05-25,-0.388
511,2008-05-26,0.055
512,2008-05-27,0.168
513,2008-05-28,0.028
514,2008-05-29,0.148
515,2008-05-30,-0.262
516,2008-05-31,-0.44
517,2008-06-01,-0.069
518,2008-06-02,0.288
519,2008-06-03,-0.075
520,2008-06-04,-0.175
521,2008-06-05,0.189
522,2008-06-06,0.0
523,2008-06-07,0.0
524,2008-06-08,-0.273
525,2008-06-09,0.258
526,2008-06-10,0.459
527,2008-06-11,-0.296
528,2008-06-12,-0.382
529,2008-06-13,0.151
530,2008-06-14,0.402
531,2008-06-15,0.0
532,2008-06-16,-0.035
533,2008-06-17,0.111
534,2008-06-18,0.065
535,2008-06-19,-0.048
536,2008-06-20,-0.049
537,2008-06-21,0.0
538,2008-06-22,-0.063
539,2008-06-23,0.009
540,2008-06-24,0.081
541,2008-06-25,0.072
542,2008-06-26,0.077
543,2008-06-27,0.069
544,2008-06-28,0.0
545,2008-06-29,0.0
546,2008-06-30,-0.508
547,2008-07-01,0.243
548,2008-07-02,-0.061
549,2008-07-03,-0.496
550,2008-07-04,0.085
551,2008-07-05,-0.081
552,2008-07-06,-0.397
553,2008-07-07,-0.218
554,2008-07-08,0.006
555,2008-07-09,0.157
556,2008-07-10,0.113
557,2008-07-11,0.382
558,2008-07-12,-0.225
559,2008-07-13,-0.249
560,2008-07-14,0.331
561,2008-07-15,0.235
562,2008-07-16,-0.18
563,2008-07-17,0.177
564,2008-07-18,-0.176
565,2008-07-19,-0.158
566,2008-07-20,-0.121
567,2008-07-21,0.121
568,2008-07-22,0.463
569,2008-07-23,0.445
570,2008-07-24,0.352
571,2008-07-25,0.007
572,2008-07-26,0.0
573,2008-07-27,-0.073
574,2008-07-28,0.201
575,2008-07-29,0.039
576,2008-07-30,-0.036
577,2008-07-31,-0.235
578,2008-08-01,-0.085
579,2008-08-02,0.34
580,2008-08-03,0.377
581,2008-08-04,0.132
582,2008-08-05,-0.088
583,2008-08-06,0.304
584,2008-08-07,0.216
585,2008-08-08,-0.029
586,2008-08-09,-0.092
587,2008-08-10,0.642
588,2008-08-11,0.119
589,2008-08-12,0.163
590,2008-08-13,0.136
591,2008-08-14,0.146
592,2008-08-15,-0.182
593,2008-08-16,0.348
594,2008-08-17,0.547
595,2008-08-18,0.349
596,2008-08-19,0.174
597,2008-08-20,0.114
598,2008-08-21,0.15
599,2008-08-22,0.015
600,2008-08-23,0.586
601,2008-08-24,0.223
602,2008-08-25,0.243
603,2008-08-26,0.205
604,2008-08-27,0.26
605,2008-08-28,0.106
606,2008-08-29,0.059
607,2008-08-30,-0.459
608,2008-08-31,0.309
609,2008-09-01,-0.29
610,2008-09-02,0.016
611,2008-09-03,0.051
612,2008-09-04,0.032
613,2008-09-05,-0.067
614,2008-09-06,0.0
615,2008-09-07,-0.166
616,2008-09-08,0.233
617,2008-09-09,-0.184
618,2008-09-10,0.216
619,2008-09-11,0.317
620,2008-09-12,0.304
621,2008-09-13,-0.296
622,2008-09-14,-0.462
623,2008-09-15,-0.259
624,2008-09-16,-0.188
625,2008-09-17,0.096
626,2008-09-18,0.148
627,2008-09-19,-0.135
628,2008-09-20,0.718
629,2008-09-21,0.196
630,2008-09-22,0.164
631,2008-09-23,-0.104
632,2008-09-24,-0.04
633,2008-09-25,0.036
634,2008-09-26,0.0
635,2008-09-27,0.0
636,2008-09-28,0.129
637,2008-09-29,0.31
638,2008-09-30,0.226
639,2008-10-01,-0.05
640,2008-10-02,0.108
641,2008-10-03,-0.418
642,2008-10-04,0.0
643,2008-10-05,-0.44
644,2008-10-06,-0.019
645,2008-10-07,-0.27
646,2008-10-08,0.259
647,2008-10-09,0.079
648,2008-10-10,-0.122
649,2008-10-11,0.0
650,2008-10-12,-0.123
651,2008-10-13,-0.056
652,2008-10-14,0.138
653,2008-10-15,0.202
654,2008-10-16,0.096
655,2008-10-17,-0.046
656,2008-10-18,0.0
657,2008-10-19,0.044
658,2008-10-20,-0.159
659,2008-10-21,0.009
660,2008-10-22,0.211
661,2008-10-23,0.14
662,2008-10-24,-0.165
663,2008-10-25,0.0
664,2008-10-26,-0.581
665,2008-10-27,0.178
666,2008-10-28,0.261
667,2008-10-29,-0.032
668,2008-10-30,0.431
669,2008-10-31,-0.153
670,2008-11-01,0.0
671,2008-11-02,-0.149
672,2008-11-03,0.019
673,2008-11-04,0.032
674,2008-11-05,-0.011
675,2008-11-06,-0.289
676,2008-11-07,-0.032
677,2008-11-08,0.0
678,2008-11-09,0.061
679,2008-11-10,0.189
680,2008-11-11,0.14
681,2008-11-12,-0.076
682,2008-11-13,0.053
683,2008-11-14,-0.56
684,2008-11-15,0.0
685,2008-11-16,0.045
686,2008-11-17,0.146
687,2008-11-18,-0.006
688,2008-11-19,-0.087
689,2008-11-20,0.094
690,2008-11-21,-0.102
691,2008-11-22,-0.053
692,2008-11-23,0.454
693,2008-11-24,-0.057
694,2008-11-25,0.099
695,2008-11-26,-0.38
696,2008-11-27,-0.003
697,2008-11-28,-0.199
698,2008-11-29,0.0
699,2008-11-30,0.05
700,2008-12-01,0.04
701,2008-12-02,0.136
702,2008-12-03,0.063
703,2008-12-04,-0.137
704,2008-12-05,0.084
705,2008-12-06,0.452
706,2008-12-07,0.0
707,2008-12-08,-0.114
708,2008-12-09,0.422
709,2008-12-10,0.271
710,2008-12-11,0.014
711,2008-12-12,0.612
712,2008-12-13,0.0
713,2008-12-14,0.044
714,2008-12-15,-0.17
715,2008-12-16,-0.1
716,2008-12-17,0.084
717,2008-12-18,-0.064
718,2008-12-19,-0.209
719,2008-12-20,0.108
720,2008-12-21,0.0
721,2008-12-22,0.025
722,2008-12-23,0.095
723,2008-12-24,0.296
724,2008-12-25,0.0
725,2008-12-26,0.511
726,2008-12-27,-0.67
727,2008-12-28,0.318
728,2008-12-29,-0.571
729,2008-12-30,-0.671
730,2008-12-31,0.0
731,2009-01-01,-0.511
732,2009-01-02,-0.511
733,2009-01-03,-0.494
734,2009-01-04,-0.226
735,2009-01-05,0.085
736,2009-01-06,0.343
737,2009-01-07,-0.039
738,2009-01-08,-0.491
739,2009-01-09,-0.226
740,2009-01-10,0.0
741,2009-01-11,-0.601
742,2009-01-12,0.06
743,2009-01-13,0.14
744,2009-01-14,0.194
745,2009-01-15,0.246
746,2009-01-16,0.037
747,2009-01-17,0.0
748,2009-01-18,-0.032
749,2009-01-19,-0.267
750,2009-01-20,-0.109
751,2009-01-21,0.395
752,2009-01-22,0.081
753,2009-01-23,0.267
754,2009-01-24,0.0
755,2009-01-25,0.0
756,2009-01-26,0.193
757,2009-01-27,0.254
758,2009-01-28,-0.09
759,2009-01-29,0.214
760,2009-01-30,-0.147
761,2009-01-31,0.299
762,2009-02-01,0.323
763,2009-02-02,0.294
764,2009-02-03,-0.18
765,2009-02-04,0.134
766,2009-02-05,0.089
767,2009-02-06,-0.414
768,2009-02-07,-0.717
769,2009-02-08,-0.529
770,2009-02-09,-0.107
771,2009-02-10,0.045
772,2009-02-11,-0.102
773,2009-02-12,-0.229
774,2009-02-13,-0.339
775,2009-02-14,-0.525
776,2009-02-15,-0.1
777,2009-02-16,0.282
778,2009-02-17,-0.001
779,2009-02-18,0.489
780,2009-02-19,0.228
781,2009-02-20,0.25
782,2009-02-21,-0.78
783,2009-02-22,-0.424
784,2009-02-23,0.202
785,2009-02-24,0.456
786,2009-02-25,0.248
787,2009-02-26,0.176
788,2009-02-27,-0.049
789,2009-02-28,-0.057
790,2009-03-01,0.318
791,2009-03-02,-0.265
792,2009-03-03,-0.27
793,2009-03-04,-0.197
794,2009-03-05,-0.43
795,2009-03-06,0.576
796,2009-03-07,0.0
797,2009-03-08,0.081
798,2009-03-09,0.03
799,2009-03-10,0.283
800,2009-03-11,-0.026
801,2009-03-12,-0.445
802,2009-03-13,0.013
803,2009-03-14,-0.403
804,2009-03-15,0.269
805,2009-03-16,-0.287
806,2009-03-17,0.423
807,2009-03-18,-0.278
808,2009-03-19,-0.056
809,2009-03-20,0.388
810,2009-03-21,0.572
811,2009-03-22,0.382
812,2009-03-23,0.27
813,2009-03-24,0.023
814,2009-03-25,0.077
815,2009-03-26,0.416
816,2009-03-27,-0.193
817,2009-03-28,0.459
818,2009-03-29,0.177
819,2009-03-30,0.224
820,2009-03-31,-0.107
821,2009-04-01,-0.35
822,2009-04-02,-0.214
823,2009-04-03,0.114
824,2009-04-04,0.0
825,2009-04-05,-0.285
826,2009-04-06,0.15
827,2009-04-07,-0.296
828,2009-04-08,0.122
829,2009-04-09,0.078
830,2009-04-10,0.0
831,2009-04-11,0.0
832,2009-04-12,0.0
833,2009-04-13,0.405
834,2009-04-14,0.187
835,2009-04-15,0.233
836,2009-04-16,-0.517
837,2009-04-17,-0.377
838,2009-04-18,0.0
839,2009-04-19,-0.388
840,2009-04-20,0.44
841,2009-04-21,0.389
842,2009-04-22,-0.168
843,2009-04-23,0.325
844,2009-04-24,-0.226
845,2009-04-25,0.34
846,2009-04-26,0.0
847,2009-04-27,-0.038
848,2009-04-28,-0.071
849,2009-04-29,-0.148
850,2009-04-30,-0.024
851,2009-05-01,0.011
852,2009-05-02,0.0
853,2009-05-03,-0.166
854,2009-05-04,0.16
855,2009-05-05,0.335
856,2009-05-06,0.338
857,2009-05-07,0.261
858,2009-05-08,0.029
859,2009-05-09,-0.51
860,2009-05-10,-0.183
861,2009-05-11,0.178
862,2009-05-12,0.132
863,2009-05-13,0.416
864,2009-05-14,0.339
865,2009-05-15,0.245
866,2009-05-16,0.0
867,2009-05-17,-0.011
868,2009-05-18,0.095
869,2009-05-19,-0.148
870,2009-05-20,-0.003
871,2009-05-21,-0.097
872,2009-05-22,0.038
873,2009-05-23,-0.649
874,2009-05-24,-0.557
875,2009-05-25,0.064
876,2009-05-26,-0.072
877,2009-05-27,-0.069
878,2009-05-28,0.013
879,2009-05-29,-0.247
880,2009-05-30,0.0
881,2009-05-31,0.202
882,2009-06-01,-0.006
883,2009-06-02,0.152
884,2009-06-03,0.032
885,2009-06-04,-0.327
886,2009-06-05,0.0
887,2009-06-06,0.0
888,2009-06-07,0.0
889,2009-06-08,-0.169
890,2009-06-09,-0.069
891,2009-06-10,0.105
892,2009-06-11,0.169
893,2009-06-12,-0.035
894,2009-06-13,-0.128
895,2009-06-14,-0.271
896,2009-06-15,0.145
897,2009-06-16,0.002
898,2009-06-17,0.167
899,2009-06-18,-0.006
900,2009-06-19,-0.402
901,2009-06-20,0.0
902,2009-06-21,0.2
903,2009-06-22,-0.094
904,2009-06-23,0.055
905,2009-06-24,-0.226
906,2009-06-25,0.038
907,2009-06-26,0.0
908,2009-06-27,0.0
909,2009-06-28,-0.022
910,2009-06-29,0.283
911,2009-06-30,0.032
912,2009-07-01,0.239
913,2009-07-02,0.406
914,2009-07-03,0.421
915,2009-07-04,0.0
916,2009-07-05,-0.026
917,2009-07-06,0.149
918,2009-07-07,0.263
919,2009-07-08,-0.118
920,2009-07-09,0.016
921,2009-07-10,-0.003
922,2009-07-11,-0.554
923,2009-07-12,-0.586
924,2009-07-13,0.127
925,2009-07-14,0.184
926,2009-07-15,0.108
927,2009-07-16,-0.152
928,2009-07-17,-0.157
929,2009-07-18,0.309
930,2009-07-19,-0.052
931,2009-07-20,0.406
932,2009-07-21,0.313
933,2009-07-22,0.268
934,2009-07-23,0.385
935,2009-07-24,0.088
936,2009-07-25,0.0
937,2009-07-26,-0.296
938,2009-07-27,0.206
939,2009-07-28,0.326
940,2009-07-29,0.329
941,2009-07-30,0.423
942,2009-07-31,0.18
943,2009-08-01,0.117
944,2009-08-02,0.44
945,2009-08-03,-0.384
946,2009-08-04,-0.251
947,2009-08-05,-0.029
948,2009-08-06,0.253
949,2009-08-07,0.345
950,2009-08-08,0.0
951,2009-08-09,-0.67
952,2009-08-10,0.357
953,2009-08-11,-0.337
954,2009-08-12,-0.046
955,2009-08-13,-0.284
956,2009-08-14,0.043
957,2009-08-15,0.273
958,2009-08-16,0.448
959,2009-08-17,0.059
960,2009-08-18,0.302
961,2009-08-19,0.431
962,2009-08-20,0.279
963,2009-08-21,0.494
964,2009-08-22,0.0
965,2009-08-23,0.203
966,2009-08-24,0.289
967,2009-08-25,0.235
968,2009-08-26,0.139
969,2009-08-27,0.308
970,2009-08-28,-0.131
971,2009-08-29,-0.382
972,2009-08-30,-0.336
973,2009-08-31,0.084
974,2009-09-01,0.117
975,2009-09-02,-0.032
976,2009-09-03,0.223
977,2009-09-04,0.0
978,2009-09-05,0.0
979,2009-09-06,0.296
980,2009-09-07,0.449
981,2009-09-08,0.142
982,2009-09-09,-0.063
983,2009-09-10,-0.005
984,2009-09-11,0.275
985,2009-09-12,-0.294
986,2009-09-13,0.0
987,2009-09-14,0.466
988,2009-09-15,0.223
989,2009-09-16,0.111
990,2009-09-17,-0.194
991,2009-09-18,-0.254
992,2009-09-19,0.0
993,2009-09-20,0.0
994,2009-09-21,0.24
995,2009-09-22,0.321
996,2009-09-23,0.229
997,2009-09-24,0.069
998,2009-09-25,0.11
999,2009-09-26,0.0
1000,2009-09-27,0.031
1001,2009-09-28,0.196
1002,2009-09-29,0.23
1003,2009-09-30,0.303
1004,2009-10-01,0.127
1005,2009-10-02,0.559
1006,2009-10-03,0.0
1007,2009-10-04,0.402
1008,2009-10-05,0.329
1009,2009-10-06,0.216
1010,2009-10-07,-0.082
1011,2009-10-08,0.358
1012,2009-10-09,-0.278
1013,2009-10-10,0.0
1014,2009-10-11,0.0
1015,2009-10-12,0.204
1016,2009-10-13,0.275
1017,2009-10-14,0.288
1018,2009-10-15,-0.538
1019,2009-10-16,-0.212
1020,2009-10-17,-0.718
1021,2009-10-18,0.361
1022,2009-10-19,-0.21
1023,2009-10-20,0.096
1024,2009-10-21,-0.151
1025,2009-10-22,0.368
1026,2009-10-23,0.152
1027,2009-10-24,0.0
1028,2009-10-25,0.296
1029,2009-10-26,-0.001
1030,2009-10-27,0.111
1031,2009-10-28,0.366
1032,2009-10-29,0.16
1033,2009-10-30,0.396
1034,2009-10-31,0.0
1035,2009-11-01,0.353
1036,2009-11-02,0.086
1037,2009-11-03,0.107
1038,2009-11-04,-0.056
1039,2009-11-05,0.328
1040,2009-11-06,0.131
1041,2009-11-07,0.0
1042,2009-11-08,-0.018
1043,2009-11-09,0.498
1044,2009-11-10,0.108
1045,2009-11-11,-0.012
1046,2009-11-12,0.251
1047,2009-11-13,-0.026
1048,2009-11-14,-0.382
1049,2009-11-15,-0.029
1050,2009-11-16,0.102
1051,2009-11-17,0.172
1052,2009-11-18,-0.073
1053,2009-11-19,0.184
1054,2009-11-20,0.268
1055,2009-11-21,0.727
1056,2009-11-22,0.0
1057,2009-11-23,0.06
1058,2009-11-24,0.38
1059,2009-11-25,0.248
1060,2009-11-26,0.282
1061,2009-11-27,-0.009
1062,2009-11-28,0.402
1063,2009-11-29,-0.16
1064,2009-11-30,-0.326
1065,2009-12-01,-0.136
1066,2009-12-02,0.144
1067,2009-12-03,0.43
1068,2009-12-04,0.238
1069,2009-12-05,0.0
1070,2009-12-06,0.464
1071,2009-12-07,0.324
1072,2009-12-08,0.131
1073,2009-12-09,0.101
1074,2009-12-10,0.261
1075,2009-12-11,-0.131
1076,2009-12-12,0.631
1077,2009-12-13,0.0
1078,2009-12-14,0.187
1079,2009-12-15,0.114
1080,2009-12-16,-0.081
1081,2009-12-17,-0.402
1082,2009-12-18,0.34
1083,2009-12-19,0.0
1084,2009-12-20,0.387
1085,2009-12-21,0.216
1086,2009-12-22,0.326
1087,2009-12-23,0.241
1088,2009-12-24,0.0
1089,2009-12-25,0.0
1090,2009-12-26,0.0
1091,2009-12-27,0.0
1092,2009-12-28,0.527
1093,2009-12-29,0.477
1094,2009-12-30,-0.557
1095,2009-12-31,0.0
1096,2010-01-01,0.511
1097,2010-01-02,0.0
1098,2010-01-03,-0.103
1099,2010-01-04,-0.802
1100,2010-01-05,0.244
1101,2010-01-06,0.209
1102,2010-01-07,0.155
1103,2010-01-08,-0.068
1104,2010-01-09,0.572
1105,2010-01-10,-0.361
1106,2010-01-11,0.221
1107,2010-01-12,0.409
1108,2010-01-13,0.145
1109,2010-01-14,-0.023
1110,2010-01-15,0.44
1111,2010-01-16,0.0
1112,2010-01-17,0.056
1113,2010-01-18,-0.105
1114,2010-01-19,0.446
1115,2010-01-20,0.106
1116,2010-01-21,0.15
1117,2010-01-22,0.153
1118,2010-01-23,0.011
1119,2010-01-24,0.0
1120,2010-01-25,0.209
1121,2010-01-26,-0.046
1122,2010-01-27,-0.285
1123,2010-01-28,0.368
1124,2010-01-29,0.138
1125,2010-01-30,0.586
1126,2010-01-31,0.541
1127,2010-02-01,0.274
1128,2010-02-02,0.196
1129,2010-02-03,0.001
1130,2010-02-04,0.222
1131,2010-02-05,0.0
1132,2010-02-06,0.0
1133,2010-02-07,0.302
1134,2010-02-08,0.074
1135,2010-02-09,0.026
1136,2010-02-10,0.359
1137,2010-02-11,0.499
1138,2010-02-12,0.727
1139,2010-02-13,0.0
1140,2010-02-14,-0.494
1141,2010-02-15,0.08
1142,2010-02-16,0.233
1143,2010-02-17,0.446
1144,2010-02-18,0.27
1145,2010-02-19,0.342
1146,2010-02-20,0.0
1147,2010-02-21,0.12
1148,2010-02-22,0.257
1149,2010-02-23,0.19
1150,2010-02-24,0.107
1151,2010-02-25,0.086
1152,2010-02-26,0.254
1153,2010-02-27,-0.043
1154,2010-02-28,0.382
1155,2010-03-01,0.153
1156,2010-03-02,0.086
1157,2010-03-03,0.006
1158,2010-03-04,-0.033
1159,2010-03-05,0.516
1160,2010-03-06,0.0
1161,2010-03-07,-0.072
1162,2010-03-08,0.493
1163,2010-03-09,0.107
1164,2010-03-10,0.094
1165,2010-03-11,0.247
1166,2010-03-12,0.097
1167,2010-03-13,0.0
1168,2010-03-14,-0.097
1169,2010-03-15,0.166
1170,2010-03-16,0.026
1171,2010-03-17,0.012
1172,2010-03-18,0.047
1173,2010-03-19,-0.27
1174,2010-03-20,0.103
1175,2010-03-21,0.494
1176,2010-03-22,0.438
1177,2010-03-23,0.477
1178,2010-03-24,0.308
1179,2010-03-25,0.162
1180,2010-03-26,0.0
1181,2010-03-27,0.459
1182,2010-03-28,0.772
1183,2010-03-29,0.131
1184,2010-03-30,0.074
1185,2010-03-31,0.05
1186,2010-04-01,-0.285
1187,2010-04-02,0.0
1188,2010-04-03,0.0
1189,2010-04-04,-0.188
1190,2010-04-05,0.154
1191,2010-04-06,-0.202
1192,2010-04-07,0.217
1193,2010-04-08,0.25
1194,2010-04-09,-0.227
1195,2010-04-10,-0.273
1196,2010-04-11,-0.127
1197,2010-04-12,0.129
1198,2010-04-13,0.095
1199,2010-04-14,0.132
1200,2010-04-15,0.405
1201,2010-04-16,-0.115
1202,2010-04-17,0.0
1203,2010-04-18,0.209
1204,2010-04-19,0.037
1205,2010-04-20,0.436
1206,2010-04-21,0.004
1207,2010-04-22,0.372
1208,2010-04-23,-0.296
1209,2010-04-24,0.0
1210,2010-04-25,-0.074
1211,2010-04-26,-0.361
1212,2010-04-27,-0.234
1213,2010-04-28,0.165
1214,2010-04-29,0.304
1215,2010-04-30,0.384
1216,2010-05-01,-0.322
1217,2010-05-02,-0.052
1218,2010-05-03,0.262
1219,2010-05-04,0.163
1220,2010-05-05,0.047
1221,2010-05-06,0.134
1222,2010-05-07,0.421
1223,2010-05-08,0.0
1224,2010-05-09,-0.177
1225,2010-05-10,0.493
1226,2010-05-11,0.112
1227,2010-05-12,0.101
1228,2010-05-13,0.073
1229,2010-05-14,-0.07
1230,2010-05-15,0.0
1231,2010-05-16,0.309
1232,2010-05-17,0.207
1233,2010-05-18,0.131
1234,2010-05-19,0.197
1235,2010-05-20,0.149
1236,2010-05-21,-0.074
1237,2010-05-22,0.402
1238,2010-05-23,0.208
1239,2010-05-24,0.001
1240,2010-05-25,0.105
1241,2010-05-26,0.3
1242,2010-05-27,0.114
1243,2010-05-28,0.66
1244,2010-05-29,0.382
1245,2010-05-30,0.103
1246,2010-05-31,-0.461
1247,2010-06-01,-0.003
1248,2010-06-02,-0.099
1249,2010-06-03,0.176
1250,2010-06-04,-0.294
1251,2010-06-05,0.0
1252,2010-06-06,0.008
1253,2010-06-07,-0.17
1254,2010-06-08,0.279
1255,2010-06-09,0.046
1256,2010-06-10,0.146
1257,2010-06-11,0.078
1258,2010-06-12,-0.077
1259,2010-06-13,0.0
1260,2010-06-14,-0.039
1261,2010-06-15,0.022
1262,2010-06-16,0.178
1263,2010-06-17,0.02
1264,2010-06-18,0.178
1265,2010-06-19,0.375
1266,2010-06-20,0.053
1267,2010-06-21,-0.125
1268,2010-06-22,0.186
1269,2010-06-23,0.006
1270,2010-06-24,0.221
1271,2010-06-25,-0.402
1272,2010-06-26,-0.402
1273,2010-06-27,-0.44
1274,2010-06-28,-0.348
1275,2010-06-29,0.239
1276,2010-06-30,-0.189
1277,2010-07-01,0.039
1278,2010-07-02,0.072
1279,2010-07-03,0.0
1280,2010-07-04,0.261
1281,2010-07-05,0.182
1282,2010-07-06,0.133
1283,2010-07-07,0.427
1284,2010-07-08,0.05
1285,2010-07-09,0.185
1286,2010-07-10,0.273
1287,2010-07-11,0.39
1288,2010-07-12,-0.226
1289,2010-07-13,0.28
1290,2010-07-14,0.211
1291,2010-07-15,0.653
1292,2010-07-16,0.276
1293,2010-07-17,0.099
1294,2010-07-18,0.561
1295,2010-07-19,0.265
1296,2010-07-20,0.068
1297,2010-07-21,-0.057
1298,2010-07-22,0.145
1299,2010-07-23,0.0
1300,2010-07-24,0.0
1301,2010-07-25,0.284
1302,2010-07-26,0.167
1303,2010-07-27,0.014
1304,2010-07-28,0.285
1305,2010-07-29,0.054
1306,2010-07-30,0.384
1307,2010-07-31,-0.57
1308,2010-08-01,0.051
1309,2010-08-02,0.421
1310,2010-08-03,0.157
1311,2010-08-04,0.278
1312,2010-08-05,0.04
1313,2010-08-06,-0.2
1314,2010-08-07,0.127
1315,2010-08-08,0.0
1316,2010-08-09,0.052
1317,2010-08-10,0.127
1318,2010-08-11,0.204
1319,2010-08-12,-0.062
1320,2010-08-13,0.198
1321,2010-08-14,0.0
1322,2010-08-15,0.33
1323,2010-08-16,0.416
1324,2010-08-17,0.205
1325,2010-08-18,0.213
1326,2010-08-19,-0.036
1327,2010-08-20,0.304
1328,2010-08-21,0.0
1329,2010-08-22,-0.222
1330,2010-08-23,0.2
1331,2010-08-24,0.134
1332,2010-08-25,0.462
1333,2010-08-26,0.24
1334,2010-08-27,-0.162
1335,2010-08-28,0.0
1336,2010-08-29,0.0
1337,2010-08-30,0.066
1338,2010-08-31,0.019
1339,2010-09-01,0.233
1340,2010-09-02,0.358
1341,2010-09-03,-0.153
1342,2010-09-04,0.0
1343,2010-09-05,0.0
1344,2010-09-06,0.195
1345,2010-09-07,0.159
1346,2010-09-08,0.154
1347,2010-09-09,0.112
1348,2010-09-10,-0.382
1349,2010-09-11,0.0
1350,2010-09-12,-0.009
1351,2010-09-13,-0.089
1352,2010-09-14,0.3
1353,2010-09-15,0.196
1354,2010-09-16,0.186
1355,2010-09-17,0.128
1356,2010-09-18,0.0
1357,2010-09-19,0.199
1358,2010-09-20,0.226
1359,2010-09-21,0.237
1360,2010-09-22,0.298
1361,2010-09-23,0.247
1362,2010-09-24,0.479
1363,2010-09-25,0.0
1364,2010-09-26,0.02
1365,2010-09-27,0.148
1366,2010-09-28,0.286
1367,2010-09-29,0.421
1368,2010-09-30,0.124
1369,2010-10-01,0.044
1370,2010-10-02,0.0
1371,2010-10-03,0.29
1372,2010-10-04,0.357
1373,2010-10-05,0.421
1374,2010-10-06,0.434
1375,2010-10-07,0.25
1376,2010-10-08,0.123
1377,2010-10-09,0.0
1378,2010-10-10,0.0
1379,2010-10-11,0.299
1380,2010-10-12,0.411
1381,2010-10-13,0.058
1382,2010-10-14,0.339
1383,2010-10-15,0.283
1384,2010-10-16,0.0
1385,2010-10-17,0.428
1386,2010-10-18,0.155
1387,2010-10-19,0.329
1388,2010-10-20,0.11
1389,2010-10-21,-0.197
1390,2010-10-22,0.295
1391,2010-10-23,0.0
1392,2010-10-24,0.017
1393,2010-10-25,0.223
1394,2010-10-26,0.201
1395,2010-10-27,0.293
1396,2010-10-28,0.402
1397,2010-10-29,0.22
1398,2010-10-30,-0.382
1399,2010-10-31,0.494
1400,2010-11-01,0.205
1401,2010-11-02,0.38
1402,2010-11-03,0.186
1403,2010-11-04,0.056
1404,2010-11-05,0.443
1405,2010-11-06,0.318
1406,2010-11-07,0.44
1407,2010-11-08,0.349
1408,2010-11-09,0.401
1409,2010-11-10,0.2
1410,2010-11-11,0.407
1411,2010-11-12,-0.001
1412,2010-11-13,0.0
1413,2010-11-14,0.078
1414,2010-11-15,0.327
1415,2010-11-16,0.285
1416,2010-11-17,0.212
1417,2010-11-18,-0.083
1418,2010-11-19,0.361
1419,2010-11-20,0.0
1420,2010-11-21,0.0
1421,2010-11-22,0.282
1422,2010-11-23,0.18
1423,2010-11-24,0.069
1424,2010-11-25,-0.09
1425,2010-11-26,-0.049
1426,2010-11-27,-0.477
1427,2010-11-28,0.178
1428,2010-11-29,-0.024
1429,2010-11-30,0.241
1430,2010-12-01,0.237
1431,2010-12-02,0.082
1432,2010-12-03,0.509
1433,2010-12-04,0.0
1434,2010-12-05,-0.008
1435,2010-12-06,0.208
1436,2010-12-07,0.137
1437,2010-12-08,0.04
1438,2010-12-09,0.129
1439,2010-12-10,0.361
1440,2010-12-11,0.402
1441,2010-12-12,0.402
1442,2010-12-13,0.116
1443,2010-12-14,-0.074
1444,2010-12-15,0.003
1445,2010-12-16,0.241
1446,2010-12-17,0.426
1447,2010-12-18,0.586
1448,2010-12-19,-0.494
1449,2010-12-20,0.331
1450,2010-12-21,0.148
1451,2010-12-22,0.027
1452,2010-12-23,0.423
1453,2010-12-24,0.361
1454,2010-12-25,0.0
1455,2010-12-26,-0.296
1456,2010-12-27,-0.382
1457,2010-12-28,0.049
1458,2010-12-29,0.179
1459,2010-12-30,0.085
1460,2010-12-31,0.06
1461,2011-01-01,-0.459
1462,2011-01-02,0.477
1463,2011-01-03,0.439
1464,2011-01-04,0.261
1465,2011-01-05,-0.139
1466,2011-01-06,-0.022
1467,2011-01-07,-0.242
1468,2011-01-08,0.494
1469,2011-01-09,0.021
1470,2011-01-10,-0.233
1471,2011-01-11,-0.067
1472,2011-01-12,-0.154
1473,2011-01-13,-0.069
1474,2011-01-14,0.004
1475,2011-01-15,0.156
1476,2011-01-16,0.059
1477,2011-01-17,-0.104
1478,2011-01-18,0.232
1479,2011-01-19,0.008
1480,2011-01-20,-0.019
1481,2011-01-21,0.087
1482,2011-01-22,-0.328
1483,2011-01-23,-0.082
1484,2011-01-24,0.128
1485,2011-01-25,0.116
1486,2011-01-26,0.084
1487,2011-01-27,0.002
1488,2011-01-28,0.304
1489,2011-01-29,0.586
1490,2011-01-30,0.502
1491,2011-01-31,0.119
1492,2011-02-01,0.074
1493,2011-02-02,-0.005
1494,2011-02-03,-0.015
1495,2011-02-04,0.217
1496,2011-02-05,-0.44
1497,2011-02-06,0.218
1498,2011-02-07,0.121
1499,2011-02-08,0.233
1500,2011-02-09,0.235
1501,2011-02-10,0.164
1502,2011-02-11,0.339
1503,2011-02-12,0.0
1504,2011-02-13,0.163
1505,2011-02-14,0.146
1506,2011-02-15,0.369
1507,2011-02-16,0.312
1508,2011-02-17,0.333
1509,2011-02-18,-0.256
1510,2011-02-19,0.0
1511,2011-02-20,0.379
1512,2011-02-21,0.345
1513,2011-02-22,0.357
1514,2011-02-23,0.451
1515,2011-02-24,0.227
1516,2011-02-25,0.384
1517,2011-02-26,0.0
1518,2011-02-27,0.04
1519,2011-02-28,0.245
1520,2011-03-01,0.083
1521,2011-03-02,0.405
1522,2011-03-03,0.093
1523,2011-03-04,0.237
1524,2011-03-05,0.0
1525,2011-03-06,0.159
1526,2011-03-07,0.274
1527,2011-03-08,0.202
1528,2011-03-09,0.233
1529,2011-03-10,0.229
1530,2011-03-11,0.361
1531,2011-03-12,0.0
1532,2011-03-13,0.0
1533,2011-03-14,0.029
1534,2011-03-15,0.026
1535,2011-03-16,-0.033
1536,2011-03-17,0.18
1537,2011-03-18,0.39
1538,2011-03-19,0.0
1539,2011-03-20,0.128
1540,2011-03-21,0.206
1541,2011-03-22,0.109
1542,2011-03-23,0.172
1543,2011-03-24,0.482
1544,2011-03-25,0.361
1545,2011-03-26,0.07
1546,2011-03-27,0.375
1547,2011-03-28,0.279
1548,2011-03-29,-0.194
1549,2011-03-30,0.258
1550,2011-03-31,0.389
1551,2011-04-01,0.048
1552,2011-04-02,0.0
1553,2011-04-03,0.202
1554,2011-04-04,0.14
1555,2011-04-05,-0.15
1556,2011-04-06,0.111
1557,2011-04-07,0.2
1558,2011-04-08,0.253
1559,2011-04-09,0.477
1560,2011-04-10,0.179
1561,2011-04-11,0.246
1562,2011-04-12,0.222
1563,2011-04-13,0.296
1564,2011-04-14,0.0
1565,2011-04-15,0.317
1566,2011-04-16,0.0
1567,2011-04-17,-0.088
1568,2011-04-18,0.112
1569,2011-04-19,0.351
1570,2011-04-20,0.191
1571,2011-04-21,0.165
1572,2011-04-22,0.0
1573,2011-04-23,0.0
1574,2011-04-24,0.0
1575,2011-04-25,0.236
1576,2011-04-26,0.423
1577,2011-04-27,0.209
1578,2011-04-28,0.378
1579,2011-04-29,0.556
1580,2011-04-30,0.0
1581,2011-05-01,0.283
1582,2011-05-02,0.46
1583,2011-05-03,0.37
1584,2011-05-04,0.29
1585,2011-05-05,0.173
1586,2011-05-06,0.182
1587,2011-05-07,0.0
1588,2011-05-08,-0.117
1589,2011-05-09,0.27
1590,2011-05-10,0.363
1591,2011-05-11,0.004
1592,2011-05-12,0.03
1593,2011-05-13,0.257
1594,2011-05-14,0.0
1595,2011-05-15,-0.05
1596,2011-05-16,0.069
1597,2011-05-17,0.269
1598,2011-05-18,0.067
1599,2011-05-19,0.148
1600,2011-05-20,0.224
1601,2011-05-21,0.0
1602,2011-05-22,0.273
1603,2011-05-23,-0.102
1604,2011-05-24,0.378
1605,2011-05-25,0.196
1606,2011-05-26,0.236
1607,2011-05-27,0.211
1608,2011-05-28,0.0
1609,2011-05-29,-0.361
1610,2011-05-30,-0.203
1611,2011-05-31,0.243
1612,2011-06-01,0.311
1613,2011-06-02,0.243
1614,2011-06-03,0.026
1615,2011-06-04,0.0
1616,2011-06-05,0.0
1617,2011-06-06,0.027
1618,2011-06-07,0.06
1619,2011-06-08,0.096
1620,2011-06-09,0.113
1621,2011-06-10,0.133
1622,2011-06-11,0.0
1623,2011-06-12,-0.226
1624,2011-06-13,0.221
1625,2011-06-14,0.048
1626,2011-06-15,0.023
1627,2011-06-16,-0.088
1628,2011-06-17,0.367
1629,2011-06-18,0.0
1630,2011-06-19,0.527
1631,2011-06-20,0.263
1632,2011-06-21,0.125
1633,2011-06-22,0.016
1634,2011-06-23,0.219
1635,2011-06-24,0.317
1636,2011-06-25,0.0
1637,2011-06-26,0.27
1638,2011-06-27,-0.142
1639,2011-06-28,0.336
1640,2011-06-29,0.168
1641,2011-06-30,0.548
1642,2011-07-01,0.387
1643,2011-07-02,0.497
1644,2011-07-03,0.244
1645,2011-07-04,0.044
1646,2011-07-05,0.346
1647,2011-07-06,0.012
1648,2011-07-07,0.236
1649,2011-07-08,0.119
1650,2011-07-09,-0.296
1651,2011-07-10,-0.081
1652,2011-07-11,0.272
1653,2011-07-12,0.062
1654,2011-07-13,0.108
1655,2011-07-14,0.081
1656,2011-07-15,0.441
1657,2011-07-16,0.0
1658,2011-07-17,0.134
1659,2011-07-18,0.238
1660,2011-07-19,0.259
1661,2011-07-20,0.142
1662,2011-07-21,0.141
1663,2011-07-22,0.025
1664,2011-07-23,0.586
1665,2011-07-24,0.424
1666,2011-07-25,0.294
1667,2011-07-26,0.321
1668,2011-07-27,0.026
1669,2011-07-28,0.128
1670,2011-07-29,0.428
1671,2011-07-30,0.506
1672,2011-07-31,-0.318
1673,2011-08-01,0.033
1674,2011-08-02,0.244
1675,2011-08-03,-0.104
1676,2011-08-04,0.145
1677,2011-08-05,-0.117
1678,2011-08-06,-0.033
1679,2011-08-07,-0.099
1680,2011-08-08,0.178
1681,2011-08-09,0.175
1682,2011-08-10,0.033
1683,2011-08-11,0.15
1684,2011-08-12,-0.123
1685,2011-08-13,-0.178
1686,2011-08-14,-0.16
1687,2011-08-15,0.299
1688,2011-08-16,-0.03
1689,2011-08-17,0.142
1690,2011-08-18,0.22
1691,2011-08-19,-0.028
1692,2011-08-20,0.165
1693,2011-08-21,0.17
1694,2011-08-22,0.239
1695,2011-08-23,0.256
1696,2011-08-24,0.157
1697,2011-08-25,0.258
1698,2011-08-26,0.329
1699,2011-08-27,0.0
1700,2011-08-28,0.309
1701,2011-08-29,0.165
1702,2011-08-30,0.449
1703,2011-08-31,0.149
1704,2011-09-01,0.455
1705,2011-09-02,0.145
1706,2011-09-03,0.0
1707,2011-09-04,0.073
1708,2011-09-05,0.078
1709,2011-09-06,0.014
1710,2011-09-07,0.109
1711,2011-09-08,0.076
1712,2011-09-09,0.206
1713,2011-09-10,0.0
1714,2011-09-11,0.34
1715,2011-09-12,0.042
1716,2011-09-13,0.03
1717,2011-09-14,0.124
1718,2011-09-15,-0.089
1719,2011-09-16,0.152
1720,2011-09-17,0.0
1721,2011-09-18,0.1
1722,2011-09-19,-0.089
1723,2011-09-20,0.238
1724,2011-09-21,0.371
1725,2011-09-22,0.154
1726,2011-09-23,0.391
1727,2011-09-24,0.0
1728,2011-09-25,0.357
1729,2011-09-26,0.179
1730,2011-09-27,-0.124
1731,2011-09-28,0.257
1732,2011-09-29,0.318
1733,2011-09-30,0.102
1734,2011-10-01,0.153
1735,2011-10-02,0.054
1736,2011-10-03,-0.155
1737,2011-10-04,0.201
1738,2011-10-05,0.29
1739,2011-10-06,-0.047
1740,2011-10-07,0.005
1741,2011-10-08,0.0
1742,2011-10-09,0.778
1743,2011-10-10,0.426
1744,2011-10-11,0.278
1745,2011-10-12,-0.119
1746,2011-10-13,0.105
1747,2011-10-14,0.217
1748,2011-10-15,0.0
1749,2011-10-16,0.294
1750,2011-10-17,0.079
1751,2011-10-18,0.03
1752,2011-10-19,-0.152
1753,2011-10-20,0.318
1754,2011-10-21,0.361
1755,2011-10-22,-0.571
1756,2011-10-23,0.001
1757,2011-10-24,0.132
1758,2011-10-25,0.224
1759,2011-10-26,-0.005
1760,2011-10-27,0.214
1761,2011-10-28,0.286
1762,2011-10-29,-0.51
1763,2011-10-30,-0.038
1764,2011-10-31,0.01
1765,2011-11-01,-0.006
1766,2011-11-02,0.149
1767,2011-11-03,0.0
1768,2011-11-04,0.361
1769,2011-11-05,0.0
1770,2011-11-06,0.107
1771,2011-11-07,0.144
1772,2011-11-08,0.105
1773,2011-11-09,0.35
1774,2011-11-10,-0.147
1775,2011-11-11,0.175
1776,2011-11-12,0.572
1777,2011-11-13,0.099
1778,2011-11-14,0.193
1779,2011-11-15,0.265
1780,2011-11-16,0.048
1781,2011-11-17,0.322
1782,2011-11-18,0.043
1783,2011-11-19,-0.476
1784,2011-11-20,0.181
1785,2011-11-21,0.125
1786,2011-11-22,0.432
1787,2011-11-23,-0.066
1788,2011-11-24,0.142
1789,2011-11-25,-0.014
1790,2011-11-26,0.0
1791,2011-11-27,-0.097
1792,2011-11-28,0.153
1793,2011-11-29,0.252
1794,2011-11-30,0.229
1795,2011-12-01,0.081
1796,2011-12-02,0.181
1797,2011-12-03,0.24
1798,2011-12-04,0.386
1799,2011-12-05,0.293
1800,2011-12-06,0.096
1801,2011-12-07,0.484
1802,2011-12-08,0.09
1803,2011-12-09,0.008
1804,2011-12-10,0.0
1805,2011-12-11,0.38
1806,2011-12-12,0.206
1807,2011-12-13,0.09
1808,2011-12-14,0.068
1809,2011-12-15,0.32
1810,2011-12-16,0.043
1811,2011-12-17,-0.599
1812,2011-12-18,0.326
1813,2011-12-19,-0.022
1814,2011-12-20,0.023
1815,2011-12-21,0.029
1816,2011-12-22,0.252
1817,2011-12-23,0.361
1818,2011-12-24,0.0
1819,2011-12-25,0.0
1820,2011-12-26,0.0
1821,2011-12-27,0.072
1822,2011-12-28,0.361
1823,2011-12-29,0.329
1824,2011-12-30,0.361
1825,2011-12-31,-0.227
1826,2012-01-01,0.0
1827,2012-01-02,0.151
1828,2012-01-03,0.145
1829,2012-01-04,0.133
1830,2012-01-05,0.075
1831,2012-01-06,0.071
1832,2012-01-07,0.128
1833,2012-01-08,0.193
1834,2012-01-09,0.069
1835,2012-01-10,0.102
1836,2012-01-11,0.318
1837,2012-01-12,0.252
1838,2012-01-13,0.161
1839,2012-01-14,0.0
1840,2012-01-15,-0.188
1841,2012-01-16,0.34
1842,2012-01-17,0.369
1843,2012-01-18,0.214
1844,2012-01-19,0.212
1845,2012-01-20,0.444
1846,2012-01-21,-0.347
1847,2012-01-22,0.0
1848,2012-01-23,0.124
1849,2012-01-24,0.191
1850,2012-01-25,0.405
1851,2012-01-26,0.336
1852,2012-01-27,0.469
1853,2012-01-28,0.593
1854,2012-01-29,0.152
1855,2012-01-30,-0.123
1856,2012-01-31,0.292
1857,2012-02-01,0.029
1858,2012-02-02,0.21
1859,2012-02-03,0.445
1860,2012-02-04,-0.61
1861,2012-02-05,-0.316
1862,2012-02-06,0.21
1863,2012-02-07,0.102
1864,2012-02-08,0.405
1865,2012-02-09,0.141
1866,2012-02-10,0.361
1867,2012-02-11,0.0
1868,2012-02-12,0.211
1869,2012-02-13,0.191
1870,2012-02-14,0.224
1871,2012-02-15,0.186
1872,2012-02-16,0.162
1873,2012-02-17,0.527
1874,2012-02-18,-0.439
1875,2012-02-19,0.169
1876,2012-02-20,0.164
1877,2012-02-21,0.346
1878,2012-02-22,0.115
1879,2012-02-23,0.314
1880,2012-02-24,0.13
1881,2012-02-25,0.0
1882,2012-02-26,0.331
1883,2012-02-27,0.346
1884,2012-02-28,0.194
1885,2012-02-29,0.302
1886,2012-03-01,0.181
1887,2012-03-02,0.245
1888,2012-03-03,0.0
1889,2012-03-04,0.214
1890,2012-03-05,0.278
1891,2012-03-06,0.362
1892,2012-03-07,0.012
1893,2012-03-08,-0.031
1894,2012-03-09,0.083
1895,2012-03-10,0.0
1896,2012-03-11,0.0
1897,2012-03-12,-0.019
1898,2012-03-13,0.248
1899,2012-03-14,0.265
1900,2012-03-15,0.239
1901,2012-03-16,-0.245
1902,2012-03-17,0.0
1903,2012-03-18,-0.318
1904,2012-03-19,0.045
1905,2012-03-20,0.282
1906,2012-03-21,0.272
1907,2012-03-22,0.341
1908,2012-03-23,0.049
1909,2012-03-24,0.0
1910,2012-03-25,0.135
1911,2012-03-26,0.158
1912,2012-03-27,0.036
1913,2012-03-28,0.087
1914,2012-03-29,0.283
1915,2012-03-30,0.245
1916,2012-03-31,0.0
1917,2012-04-01,-0.273
1918,2012-04-02,0.091
1919,2012-04-03,0.042
1920,2012-04-04,0.198
1921,2012-04-05,0.205
1922,2012-04-06,-0.557
1923,2012-04-07,0.0
1924,2012-04-08,0.0
1925,2012-04-09,0.141
1926,2012-04-10,0.186
1927,2012-04-11,0.534
1928,2012-04-12,0.339
1929,2012-04-13,0.056
1930,2012-04-14,0.0
1931,2012-04-15,0.0
1932,2012-04-16,0.191
1933,2012-04-17,0.267
1934,2012-04-18,0.242
1935,2012-04-19,0.232
1936,2012-04-20,0.282
1937,2012-04-21,-0.542
1938,2012-04-22,-0.075
1939,2012-04-23,0.037
1940,2012-04-24,0.06
1941,2012-04-25,0.224
1942,2012-04-26,0.366
1943,2012-04-27,-0.007
1944,2012-04-28,0.0
1945,2012-04-29,0.425
1946,2012-04-30,-0.083
1947,2012-05-01,0.057
1948,2012-05-02,0.08
1949,2012-05-03,0.229
1950,2012-05-04,0.402
1951,2012-05-05,0.382
1952,2012-05-06,0.0
1953,2012-05-07,0.136
1954,2012-05-08,0.177
1955,2012-05-09,0.344
1956,2012-05-10,0.425
1957,2012-05-11,-0.106
1958,2012-05-12,-0.226
1959,2012-05-13,0.329
1960,2012-05-14,0.004
1961,2012-05-15,0.07
1962,2012-05-16,0.134
1963,2012-05-17,0.077
1964,2012-05-18,0.094
1965,2012-05-19,0.0
1966,2012-05-20,0.168
1967,2012-05-21,0.124
1968,2012-05-22,0.107
1969,2012-05-23,0.044
1970,2012-05-24,0.234
1971,2012-05-25,0.385
1972,2012-05-26,0.681
1973,2012-05-27,-0.265
1974,2012-05-28,0.345
1975,2012-05-29,0.3
1976,2012-05-30,0.26
1977,2012-05-31,0.184
1978,2012-06-01,0.361
1979,2012-06-02,0.421
1980,2012-06-03,0.103
1981,2012-06-04,0.445
1982,2012-06-05,0.141
1983,2012-06-06,0.462
1984,2012-06-07,0.119
1985,2012-06-08,-0.001
1986,2012-06-09,0.273
1987,2012-06-10,0.0
1988,2012-06-11,0.183
1989,2012-06-12,0.114
1990,2012-06-13,0.219
1991,2012-06-14,0.286
1992,2012-06-15,0.176
1993,2012-06-16,0.0
1994,2012-06-17,0.27
1995,2012-06-18,0.108
1996,2012-06-19,0.295
1997,2012-06-20,0.214
1998,2012-06-21,0.245
1999,2012-06-22,0.179
2000,2012-06-23,0.0
2001,2012-06-24,0.138
2002,2012-06-25,0.116
2003,2012-06-26,0.07
2004,2012-06-27,0.196
2005,2012-06-28,0.284
2006,2012-06-29,0.245
2007,2012-06-30,-0.361
2008,2012-07-01,0.126
2009,2012-07-02,0.085
2010,2012-07-03,0.21
2011,2012-07-04,0.046
2012,2012-07-05,0.001
2013,2012-07-06,0.53
2014,2012-07-07,0.0
2015,2012-07-08,0.345
2016,2012-07-09,0.208
2017,2012-07-10,0.208
2018,2012-07-11,0.013
2019,2012-07-12,0.095
2020,2012-07-13,0.18
2021,2012-07-14,-0.542
2022,2012-07-15,0.338
2023,2012-07-16,0.023
2024,2012-07-17,0.479
2025,2012-07-18,-0.014
2026,2012-07-19,0.154
2027,2012-07-20,-0.187
2028,2012-07-21,0.0
2029,2012-07-22,-0.382
2030,2012-07-23,0.119
2031,2012-07-24,0.234
2032,2012-07-25,0.241
2033,2012-07-26,0.149
2034,2012-07-27,0.258
2035,2012-07-28,0.409
2036,2012-07-29,0.462
2037,2012-07-30,0.181
2038,2012-07-31,0.221
2039,2012-08-01,0.076
2040,2012-08-02,0.018
2041,2012-08-03,0.193
2042,2012-08-04,0.372
2043,2012-08-05,0.04
2044,2012-08-06,0.025
2045,2012-08-07,0.1
2046,2012-08-08,0.019
2047,2012-08-09,0.379
2048,2012-08-10,0.069
2049,2012-08-11,0.643
2050,2012-08-12,0.421
2051,2012-08-13,0.212
2052,2012-08-14,0.151
2053,2012-08-15,0.18
2054,2012-08-16,0.165
2055,2012-08-17,-0.01
2056,2012-08-18,0.0
2057,2012-08-19,-0.067
2058,2012-08-20,0.219
2059,2012-08-21,0.021
2060,2012-08-22,0.344
2061,2012-08-23,0.095
2062,2012-08-24,0.174
2063,2012-08-25,0.0
2064,2012-08-26,0.226
2065,2012-08-27,0.038
2066,2012-08-28,0.052
2067,2012-08-29,0.002
2068,2012-08-30,-0.004
2069,2012-08-31,0.089
2070,2012-09-01,0.0
2071,2012-09-02,0.067
2072,2012-09-03,-0.049
2073,2012-09-04,0.005
2074,2012-09-05,0.043
2075,2012-09-06,0.005
2076,2012-09-07,0.135
2077,2012-09-08,-0.226
2078,2012-09-09,-0.331
2079,2012-09-10,-0.077
2080,2012-09-11,-0.076
2081,2012-09-12,0.132
2082,2012-09-13,0.151
2083,2012-09-14,-0.038
2084,2012-09-15,-0.226
2085,2012-09-16,0.615
2086,2012-09-17,0.028
2087,2012-09-18,0.191
2088,2012-09-19,0.005
2089,2012-09-20,0.144
2090,2012-09-21,0.407
2091,2012-09-22,0.0
2092,2012-09-23,-0.637
2093,2012-09-24,-0.021
2094,2012-09-25,-0.023
2095,2012-09-26,0.034
2096,2012-09-27,0.141
2097,2012-09-28,0.361
2098,2012-09-29,0.0
2099,2012-09-30,0.321
2100,2012-10-01,0.051
2101,2012-10-02,0.078
2102,2012-10-03,0.271
2103,2012-10-04,0.08
2104,2012-10-05,0.127
2105,2012-10-06,0.44
2106,2012-10-07,0.427
2107,2012-10-08,-0.264
2108,2012-10-09,0.271
2109,2012-10-10,0.245
2110,2012-10-11,-0.121
2111,2012-10-12,0.0
2112,2012-10-13,0.296
2113,2012-10-14,0.42
2114,2012-10-15,0.194
2115,2012-10-16,0.138
2116,2012-10-17,-0.01
2117,2012-10-18,0.045
2118,2012-10-19,0.61
2119,2012-10-20,0.0
2120,2012-10-21,0.471
2121,2012-10-22,0.215
2122,2012-10-23,0.105
2123,2012-10-24,0.133
2124,2012-10-25,0.38
2125,2012-10-26,0.029
2126,2012-10-27,-0.34
2127,2012-10-28,0.426
2128,2012-10-29,0.159
2129,2012-10-30,0.231
2130,2012-10-31,0.017
2131,2012-11-01,0.206
2132,2012-11-02,-0.234
2133,2012-11-03,0.0
2134,2012-11-04,0.362
2135,2012-11-05,0.314
2136,2012-11-06,0.373
2137,2012-11-07,0.256
2138,2012-11-08,0.357
2139,2012-11-09,0.112
2140,2012-11-10,0.0
2141,2012-11-11,0.266
2142,2012-11-12,0.227
2143,2012-11-13,0.103
2144,2012-11-14,0.203
2145,2012-11-15,0.024
2146,2012-11-16,0.235
2147,2012-11-17,0.0
2148,2012-11-18,0.377
2149,2012-11-19,0.174
2150,2012-11-20,0.188
2151,2012-11-21,0.179
2152,2012-11-22,0.219
2153,2012-11-23,-0.09
2154,2012-11-24,0.0
2155,2012-11-25,0.642
2156,2012-11-26,0.13
2157,2012-11-27,0.364
2158,2012-11-28,0.259
2159,2012-11-29,0.116
2160,2012-11-30,0.219
2161,2012-12-01,0.0
2162,2012-12-02,0.001
2163,2012-12-03,0.056
2164,2012-12-04,-0.038
2165,2012-12-05,0.259
2166,2012-12-06,0.208
2167,2012-12-07,0.276
2168,2012-12-08,-0.073
2169,2012-12-09,0.345
2170,2012-12-10,-0.068
2171,2012-12-11,0.019
2172,2012-12-12,0.102
2173,2012-12-13,0.251
2174,2012-12-14,0.349
2175,2012-12-15,0.0
2176,2012-12-16,0.387
2177,2012-12-17,0.256
2178,2012-12-18,0.363
2179,2012-12-19,0.125
2180,2012-12-20,0.236
2181,2012-12-21,0.278
2182,2012-12-22,0.0
2183,2012-12-23,0.35
2184,2012-12-24,0.361
2185,2012-12-25,0.0
2186,2012-12-26,0.266
2187,2012-12-27,0.608
2188,2012-12-28,0.224
2189,2012-12-29,0.0
2190,2012-12-30,0.137
2191,2012-12-31,0.361
2192,2013-01-01,0.553
2193,2013-01-02,0.485
2194,2013-01-03,0.173
2195,2013-01-04,0.268
2196,2013-01-05,0.0
2197,2013-01-06,0.172
2198,2013-01-07,0.314
2199,2013-01-08,0.184
2200,2013-01-09,0.245
2201,2013-01-10,-0.043
2202,2013-01-11,-0.173
2203,2013-01-12,0.0
2204,2013-01-13,0.083
2205,2013-01-14,0.347
2206,2013-01-15,0.071
2207,2013-01-16,0.13
2208,2013-01-17,0.27
2209,2013-01-18,0.113
2210,2013-01-19,-0.026
2211,2013-01-20,0.324
2212,2013-01-21,0.25
2213,2013-01-22,0.211
2214,2013-01-23,0.164
2215,2013-01-24,0.423
2216,2013-01-25,0.484
2217,2013-01-26,0.418
2218,2013-01-27,0.064
2219,2013-01-28,0.044
2220,2013-01-29,0.297
2221,2013-01-30,0.348
2222,2013-01-31,0.315
2223,2013-02-01,0.302
2224,2013-02-02,-0.44
2225,2013-02-03,0.378
2226,2013-02-04,0.058
2227,2013-02-05,0.02
2228,2013-02-06,0.204
2229,2013-02-07,0.23
2230,2013-02-08,0.189
2231,2013-02-09,0.0
2232,2013-02-10,0.26
2233,2013-02-11,0.285
2234,2013-02-12,0.138
2235,2013-02-13,0.39
2236,2013-02-14,0.143
2237,2013-02-15,-0.011
2238,2013-02-16,0.0
2239,2013-02-17,-0.011
2240,2013-02-18,0.364
2241,2013-02-19,0.217
2242,2013-02-20,0.181
2243,2013-02-21,0.344
2244,2013-02-22,0.195
2245,2013-02-23,0.0
2246,2013-02-24,0.08
2247,2013-02-25,0.075
2248,2013-02-26,0.183
2249,2013-02-27,0.248
2250,2013-02-28,0.426
2251,2013-03-01,0.11
2252,2013-03-02,0.0
2253,2013-03-03,-0.018
2254,2013-03-04,0.14
2255,2013-03-05,0.267
2256,2013-03-06,0.26
2257,2013-03-07,0.186
2258,2013-03-08,0.251
2259,2013-03-09,0.572
2260,2013-03-10,0.194
2261,2013-03-11,0.116
2262,2013-03-12,0.222
2263,2013-03-13,0.198
2264,2013-03-14,0.303
2265,2013-03-15,0.22
2266,2013-03-16,0.0
2267,2013-03-17,0.09
2268,2013-03-18,0.023
2269,2013-03-19,0.089
2270,2013-03-20,0.342
2271,2013-03-21,-0.126
2272,2013-03-22,-0.222
2273,2013-03-23,0.0
2274,2013-03-24,0.267
2275,2013-03-25,0.335
2276,2013-03-26,0.279
2277,2013-03-27,0.144
2278,2013-03-28,0.029
2279,2013-03-29,0.0
2280,2013-03-30,0.0
2281,2013-03-31,0.026
2282,2013-04-01,0.278
2283,2013-04-02,0.18
2284,2013-04-03,0.025
2285,2013-04-04,0.199
2286,2013-04-05,0.041
2287,2013-04-06,0.0
2288,2013-04-07,-0.039
2289,2013-04-08,0.153
2290,2013-04-09,0.181
2291,2013-04-10,0.356
2292,2013-04-11,0.295
2293,2013-04-12,0.463
2294,2013-04-13,0.0
2295,2013-04-14,0.106
2296,2013-04-15,0.321
2297,2013-04-16,0.062
2298,2013-04-17,0.328
2299,2013-04-18,-0.043
2300,2013-04-19,-0.432
2301,2013-04-20,-0.44
2302,2013-04-21,0.162
2303,2013-04-22,0.34
2304,2013-04-23,0.279
2305,2013-04-24,0.079
2306,2013-04-25,0.141
2307,2013-04-26,0.546
2308,2013-04-27,0.0
2309,2013-04-28,0.08
2310,2013-04-29,0.318
2311,2013-04-30,0.181
2312,2013-05-01,0.348
2313,2013-05-02,0.245
2314,2013-05-03,0.257
2315,2013-05-04,0.0
2316,2013-05-05,0.375
2317,2013-05-06,0.274
2318,2013-05-07,-0.096
2319,2013-05-08,0.311
2320,2013-05-09,0.318
2321,2013-05-10,0.41
2322,2013-05-11,0.494
2323,2013-05-12,0.374
2324,2013-05-13,0.181
2325,2013-05-14,0.343
2326,2013-05-15,0.11
2327,2013-05-16,0.382
2328,2013-05-17,0.159
2329,2013-05-18,0.0
2330,2013-05-19,0.391
2331,2013-05-20,0.257
2332,2013-05-21,0.311
2333,2013-05-22,0.178
2334,2013-05-23,0.155
2335,2013-05-24,0.214
2336,2013-05-25,0.0
2337,2013-05-26,0.155
2338,2013-05-27,-0.066
2339,2013-05-28,0.335
2340,2013-05-29,0.084
2341,2013-05-30,0.307
2342,2013-05-31,-0.149
2343,2013-06-01,0.0
2344,2013-06-02,0.004
2345,2013-06-03,0.024
2346,2013-06-04,-0.076
2347,2013-06-05,-0.144
2348,2013-06-06,0.188
2349,2013-06-07,0.073
2350,2013-06-08,0.0
2351,2013-06-09,0.599
2352,2013-06-10,0.348
2353,2013-06-11,0.282
2354,2013-06-12,0.141
2355,2013-06-13,0.27
2356,2013-06-14,0.295
2357,2013-06-15,0.0
2358,2013-06-16,0.0
2359,2013-06-17,-0.008
2360,2013-06-18,0.088
2361,2013-06-19,0.033
2362,2013-06-20,0.283
2363,2013-06-21,0.537
2364,2013-06-22,0.0
2365,2013-06-23,0.099
2366,2013-06-24,0.128
2367,2013-06-25,0.053
2368,2013-06-26,0.076
2369,2013-06-27,0.133
2370,2013-06-28,0.182
2371,2013-06-29,-0.026
2372,2013-06-30,-0.177
2373,2013-07-01,0.125
2374,2013-07-02,0.068
2375,2013-07-03,0.367
2376,2013-07-04,0.242
2377,2013-07-05,-0.115
2378,2013-07-06,0.0
2379,2013-07-07,0.187
2380,2013-07-08,0.271
2381,2013-07-09,0.39
2382,2013-07-10,0.053
2383,2013-07-11,0.382
2384,2013-07-12,0.179
2385,2013-07-13,0.128
2386,2013-07-14,0.091
2387,2013-07-15,-0.039
2388,2013-07-16,0.076
2389,2013-07-17,-0.014
2390,2013-07-18,0.157
2391,2013-07-19,-0.224
2392,2013-07-20,0.0
2393,2013-07-21,0.381
2394,2013-07-22,0.278
2395,2013-07-23,0.152
2396,2013-07-24,0.329
2397,2013-07-25,0.249
2398,2013-07-26,0.077
2399,2013-07-27,0.0
2400,2013-07-28,0.362
2401,2013-07-29,0.429
2402,2013-07-30,0.246
2403,2013-07-31,0.289
2404,2013-08-01,0.189
2405,2013-08-02,0.335
2406,2013-08-03,0.0
2407,2013-08-04,0.146
2408,2013-08-05,0.081
2409,2013-08-06,-0.107
2410,2013-08-07,0.262
2411,2013-08-08,0.18
2412,2013-08-09,-0.296
2413,2013-08-10,0.511
2414,2013-08-11,0.324
2415,2013-08-12,0.457
2416,2013-08-13,0.352
2417,2013-08-14,0.123
2418,2013-08-15,0.149
2419,2013-08-16,0.161
2420,2013-08-17,0.026
2421,2013-08-18,0.317
2422,2013-08-19,0.202
2423,2013-08-20,0.155
2424,2013-08-21,0.268
2425,2013-08-22,0.22
2426,2013-08-23,0.118
2427,2013-08-24,-0.25
2428,2013-08-25,0.344
2429,2013-08-26,-0.081
2430,2013-08-27,0.026
2431,2013-08-28,0.187
2432,2013-08-29,0.195
2433,2013-08-30,0.09
2434,2013-08-31,0.0
2435,2013-09-01,0.427
2436,2013-09-02,0.244
2437,2013-09-03,0.111
2438,2013-09-04,0.233
2439,2013-09-05,-0.033
2440,2013-09-06,0.633
2441,2013-09-07,-0.111
2442,2013-09-08,0.539
2443,2013-09-09,0.256
2444,2013-09-10,0.271
2445,2013-09-11,0.316
2446,2013-09-12,0.104
2447,2013-09-13,0.344
2448,2013-09-14,0.0
2449,2013-09-15,0.296
2450,2013-09-16,0.256
2451,2013-09-17,0.264
2452,2013-09-18,0.233
2453,2013-09-19,0.334
2454,2013-09-20,-0.007
2455,2013-09-21,0.0
2456,2013-09-22,-0.128
2457,2013-09-23,0.213
2458,2013-09-24,0.314
2459,2013-09-25,-0.055
2460,2013-09-26,-0.049
2461,2013-09-27,-0.275
2462,2013-09-28,-0.289
2463,2013-09-29,-0.229
2464,2013-09-30,0.133
2465,2013-10-01,0.276
2466,2013-10-02,0.046
2467,2013-10-03,0.284
2468,2013-10-04,0.342
2469,2013-10-05,0.153
2470,2013-10-06,0.011
2471,2013-10-07,0.136
2472,2013-10-08,0.172
2473,2013-10-09,-0.152
2474,2013-10-10,0.402
2475,2013-10-11,0.444
2476,2013-10-12,0.0
2477,2013-10-13,-0.252
2478,2013-10-14,0.106
2479,2013-10-15,0.365
2480,2013-10-16,0.095
2481,2013-10-17,-0.158
2482,2013-10-18,-0.125
2483,2013-10-19,-0.153
2484,2013-10-20,0.699
2485,2013-10-21,0.198
2486,2013-10-22,-0.096
2487,2013-10-23,0.187
2488,2013-10-24,0.018
2489,2013-10-25,0.758
2490,2013-10-26,0.0
2491,2013-10-27,0.558
2492,2013-10-28,0.066
2493,2013-10-29,0.046
2494,2013-10-30,0.436
2495,2013-10-31,0.178
2496,2013-11-01,0.225
2497,2013-11-02,0.66
2498,2013-11-03,0.069
2499,2013-11-04,0.163
2500,2013-11-05,0.34
2501,2013-11-06,0.192
2502,2013-11-07,0.222
2503,2013-11-08,0.235
2504,2013-11-09,0.128
2505,2013-11-10,0.466
2506,2013-11-11,0.223
2507,2013-11-12,0.256
2508,2013-11-13,0.168
2509,2013-11-14,0.089
2510,2013-11-15,0.247
2511,2013-11-16,0.382
2512,2013-11-17,0.291
2513,2013-11-18,-0.077
2514,2013-11-19,0.202
2515,2013-11-20,0.23
2516,2013-11-21,0.282
2517,2013-11-22,0.081
2518,2013-11-23,0.0
2519,2013-11-24,0.378
2520,2013-11-25,0.215
2521,2013-11-26,0.334
2522,2013-11-27,0.12
2523,2013-11-28,-0.0
2524,2013-11-29,0.174
2525,2013-11-30,0.0
2526,2013-12-01,-0.081
2527,2013-12-02,0.001
2528,2013-12-03,0.072
2529,2013-12-04,0.012
2530,2013-12-05,0.285
2531,2013-12-06,-0.0
2532,2013-12-07,0.205
2533,2013-12-08,0.128
2534,2013-12-09,0.243
2535,2013-12-10,0.288
2536,2013-12-11,-0.212
2537,2013-12-12,-0.09
2538,2013-12-13,0.372
2539,2013-12-14,0.25
2540,2013-12-15,-0.034
2541,2013-12-16,0.157
2542,2013-12-17,0.374
2543,2013-12-18,0.247
2544,2013-12-19,0.236
2545,2013-12-20,0.52
2546,2013-12-21,0.0
2547,2013-12-22,0.144
2548,2013-12-23,0.298
2549,2013-12-24,0.421
2550,2013-12-25,0.0
2551,2013-12-26,0.441
2552,2013-12-27,0.199
2553,2013-12-28,0.0
2554,2013-12-29,0.205
2555,2013-12-30,0.422
2556,2013-12-31,-0.046
2557,2014-01-01,0.048
2558,2014-01-02,0.069
2559,2014-01-03,0.123
2560,2014-01-04,0.0
2561,2014-01-05,-0.13
2562,2014-01-06,0.124
2563,2014-01-07,0.303
2564,2014-01-08,0.04
2565,2014-01-09,0.173
2566,2014-01-10,0.296
2567,2014-01-11,0.524
2568,2014-01-12,-0.286
2569,2014-01-13,0.078
2570,2014-01-14,0.204
2571,2014-01-15,0.076
2572,2014-01-16,0.129
2573,2014-01-17,0.213
2574,2014-01-18,0.0
2575,2014-01-19,0.11
2576,2014-01-20,0.179
2577,2014-01-21,0.322
2578,2014-01-22,0.095
2579,2014-01-23,0.167
2580,2014-01-24,0.066
2581,2014-01-25,0.434
2582,2014-01-26,0.349
2583,2014-01-27,0.356
2584,2014-01-28,0.275
2585,2014-01-29,0.415
2586,2014-01-30,-0.024
2587,2014-01-31,0.078
2588,2014-02-01,0.0
2589,2014-02-02,0.511
2590,2014-02-03,0.037
2591,2014-02-04,0.063
2592,2014-02-05,0.095
2593,2014-02-06,0.144
2594,2014-02-07,-0.033
2595,2014-02-08,0.0
2596,2014-02-09,0.327
2597,2014-02-10,0.137
2598,2014-02-11,0.405
2599,2014-02-12,0.386
2600,2014-02-13,0.306
2601,2014-02-14,0.66
2602,2014-02-15,0.0
2603,2014-02-16,0.277
2604,2014-02-17,0.269
2605,2014-02-18,0.315
2606,2014-02-19,0.195
2607,2014-02-20,0.087
2608,2014-02-21,0.068
2609,2014-02-22,0.511
2610,2014-02-23,0.377
2611,2014-02-24,0.154
2612,2014-02-25,0.091
2613,2014-02-26,-0.013
2614,2014-02-27,0.217
2615,2014-02-28,-0.018
2616,2014-03-01,0.052
2617,2014-03-02,0.126
2618,2014-03-03,0.279
2619,2014-03-04,0.195
2620,2014-03-05,0.172
2621,2014-03-06,0.108
2622,2014-03-07,0.117
2623,2014-03-08,0.0
2624,2014-03-09,0.302
2625,2014-03-10,0.14
2626,2014-03-11,0.354
2627,2014-03-12,-0.007
2628,2014-03-13,-0.01
2629,2014-03-14,0.42
2630,2014-03-15,0.511
2631,2014-03-16,-0.022
2632,2014-03-17,0.267
2633,2014-03-18,0.207
2634,2014-03-19,0.24
2635,2014-03-20,0.097
2636,2014-03-21,0.136
2637,2014-03-22,-0.361
2638,2014-03-23,0.479
2639,2014-03-24,0.137
2640,2014-03-25,0.201
2641,2014-03-26,-0.028
2642,2014-03-27,-0.356
2643,2014-03-28,0.235
2644,2014-03-29,0.477
2645,2014-03-30,0.211
2646,2014-03-31,0.1
2647,2014-04-01,0.139
2648,2014-04-02,0.201
2649,2014-04-03,0.043
2650,2014-04-04,0.383
2651,2014-04-05,0.0
2652,2014-04-06,0.299
2653,2014-04-07,0.24
2654,2014-04-08,0.101
2655,2014-04-09,0.002
2656,2014-04-10,0.465
2657,2014-04-11,0.199
2658,2014-04-12,0.11
2659,2014-04-13,0.158
2660,2014-04-14,0.055
2661,2014-04-15,0.213
2662,2014-04-16,0.084
2663,2014-04-17,-0.018
2664,2014-04-18,0.0
2665,2014-04-19,0.0
2666,2014-04-20,0.0
2667,2014-04-21,0.586
2668,2014-04-22,-0.061
2669,2014-04-23,0.144
2670,2014-04-24,0.163
2671,2014-04-25,0.242
2672,2014-04-26,-0.494
2673,2014-04-27,0.19
2674,2014-04-28,0.16
2675,2014-04-29,0.332
2676,2014-04-30,0.258
2677,2014-05-01,0.213
2678,2014-05-02,-0.042
2679,2014-05-03,0.0
2680,2014-05-04,0.289
2681,2014-05-05,0.378
2682,2014-05-06,-0.127
2683,2014-05-07,0.234
2684,2014-05-08,0.286
2685,2014-05-09,0.106
2686,2014-05-10,-0.052
2687,2014-05-11,-0.033
2688,2014-05-12,0.065
2689,2014-05-13,-0.011
2690,2014-05-14,0.275
2691,2014-05-15,0.501
2692,2014-05-16,0.158
2693,2014-05-17,0.0
2694,2014-05-18,0.125
2695,2014-05-19,0.143
2696,2014-05-20,0.026
2697,2014-05-21,0.342
2698,2014-05-22,0.2
2699,2014-05-23,0.321
2700,2014-05-24,0.103
2701,2014-05-25,0.216
2702,2014-05-26,0.084
2703,2014-05-27,0.087
2704,2014-05-28,-0.209
2705,2014-05-29,0.122
2706,2014-05-30,0.233
2707,2014-05-31,-0.296
2708,2014-06-01,0.352
2709,2014-06-02,0.369
2710,2014-06-03,0.218
2711,2014-06-04,-0.0
2712,2014-06-05,0.117
2713,2014-06-06,0.062
2714,2014-06-07,0.0
2715,2014-06-08,0.0
2716,2014-06-09,0.385
2717,2014-06-10,-0.095
2718,2014-06-11,0.249
2719,2014-06-12,-0.189
2720,2014-06-13,0.13
2721,2014-06-14,0.156
2722,2014-06-15,0.046
2723,2014-06-16,0.087
2724,2014-06-17,-0.001
2725,2014-06-18,0.35
2726,2014-06-19,0.447
2727,2014-06-20,0.202
2728,2014-06-21,-0.572
2729,2014-06-22,0.033
2730,2014-06-23,0.113
2731,2014-06-24,0.14
2732,2014-06-25,0.347
2733,2014-06-26,0.224
2734,2014-06-27,0.238
2735,2014-06-28,0.0
2736,2014-06-29,0.011
2737,2014-06-30,0.292
2738,2014-07-01,0.131
2739,2014-07-02,0.229
2740,2014-07-03,0.575
2741,2014-07-04,0.681
2742,2014-07-05,0.0
2743,2014-07-06,0.03
2744,2014-07-07,0.294
2745,2014-07-08,0.319
2746,2014-07-09,0.212
2747,2014-07-10,0.252
2748,2014-07-11,-0.021
2749,2014-07-12,-0.12
2750,2014-07-13,0.119
2751,2014-07-14,0.106
2752,2014-07-15,-0.005
2753,2014-07-16,0.227
2754,2014-07-17,-0.056
2755,2014-07-18,0.197
2756,2014-07-19,0.103
2757,2014-07-20,-0.073
2758,2014-07-21,-0.005
2759,2014-07-22,0.018
2760,2014-07-23,-0.17
2761,2014-07-24,0.26
2762,2014-07-25,-0.265
2763,2014-07-26,0.052
2764,2014-07-27,0.45
2765,2014-07-28,0.027
2766,2014-07-29,0.198
2767,2014-07-30,0.379
2768,2014-07-31,0.195
2769,2014-08-01,0.302
2770,2014-08-02,0.0
2771,2014-08-03,0.176
2772,2014-08-04,-0.02
2773,2014-08-05,0.238
2774,2014-08-06,-0.022
2775,2014-08-07,-0.025
2776,2014-08-08,-0.057
2777,2014-08-09,0.0
2778,2014-08-10,0.017
2779,2014-08-11,0.303
2780,2014-08-12,0.328
2781,2014-08-13,0.328
2782,2014-08-14,0.222
2783,2014-08-15,0.184
2784,2014-08-16,-0.016
2785,2014-08-17,0.296
2786,2014-08-18,0.409
2787,2014-08-19,0.306
2788,2014-08-20,0.086
2789,2014-08-21,0.111
2790,2014-08-22,0.223
2791,2014-08-23,0.18
2792,2014-08-24,0.0
2793,2014-08-25,0.285
2794,2014-08-26,0.201
2795,2014-08-27,0.284
2796,2014-08-28,0.2
2797,2014-08-29,-0.038
2798,2014-08-30,0.127
2799,2014-08-31,-0.421
2800,2014-09-01,0.124
2801,2014-09-02,0.398
2802,2014-09-03,0.157
2803,2014-09-04,0.351
2804,2014-09-05,0.286
2805,2014-09-06,0.221
2806,2014-09-07,0.0
2807,2014-09-08,-0.38
2808,2014-09-09,-0.044
2809,2014-09-10,-0.024
2810,2014-09-11,0.341
2811,2014-09-12,0.016
2812,2014-09-13,-0.242
2813,2014-09-14,0.0
2814,2014-09-15,0.135
2815,2014-09-16,-0.1
2816,2014-09-17,0.022
2817,2014-09-18,0.17
2818,2014-09-19,-0.018
2819,2014-09-20,0.425
2820,2014-09-21,0.0
2821,2014-09-22,-0.081
2822,2014-09-23,0.2
2823,2014-09-24,-0.012
2824,2014-09-25,-0.008
2825,2014-09-26,0.11
2826,2014-09-27,0.019
2827,2014-09-28,-0.296
2828,2014-09-29,0.039
2829,2014-09-30,0.053
2830,2014-10-01,0.387
2831,2014-10-02,0.082
2832,2014-10-03,-0.05
2833,2014-10-04,-0.23
2834,2014-10-05,0.0
2835,2014-10-06,0.482
2836,2014-10-07,0.106
2837,2014-10-08,0.255
2838,2014-10-09,0.046
2839,2014-10-10,0.312
2840,2014-10-11,-0.03
2841,2014-10-12,0.0
2842,2014-10-13,0.363
2843,2014-10-14,0.291
2844,2014-10-15,0.19
2845,2014-10-16,-0.103
2846,2014-10-17,0.184
2847,2014-10-18,-0.128
2848,2014-10-19,0.459
2849,2014-10-20,0.501
2850,2014-10-21,0.368
2851,2014-10-22,0.279
2852,2014-10-23,0.334
2853,2014-10-24,0.309
2854,2014-10-25,0.42
2855,2014-10-26,0.0
2856,2014-10-27,-0.059
2857,2014-10-28,0.226
2858,2014-10-29,-0.074
2859,2014-10-30,0.24
2860,2014-10-31,0.266
2861,2014-11-01,-0.244
2862,2014-11-02,-0.382
2863,2014-11-03,0.345
2864,2014-11-04,0.15
2865,2014-11-05,0.22
2866,2014-11-06,0.031
2867,2014-11-07,-0.042
2868,2014-11-08,-0.11
2869,2014-11-09,0.84
2870,2014-11-10,0.303
2871,2014-11-11,0.319
2872,2014-11-12,0.155
2873,2014-11-13,0.062
2874,2014-11-14,0.153
2875,2014-11-15,0.358
2876,2014-11-16,0.382
2877,2014-11-17,0.263
2878,2014-11-18,0.305
2879,2014-11-19,0.09
2880,2014-11-20,0.273
2881,2014-11-21,0.062
2882,2014-11-22,0.172
2883,2014-11-23,0.296
2884,2014-11-24,0.159
2885,2014-11-25,0.449
2886,2014-11-26,0.293
2887,2014-11-27,0.12
2888,2014-11-28,0.135
2889,2014-11-29,0.15
2890,2014-11-30,0.0
2891,2014-12-01,-0.053
2892,2014-12-02,-0.194
2893,2014-12-03,-0.117
2894,2014-12-04,0.098
2895,2014-12-05,0.161
2896,2014-12-06,-0.09
2897,2014-12-07,-0.273
2898,2014-12-08,0.144
2899,2014-12-09,0.225
2900,2014-12-10,0.244
2901,2014-12-11,-0.005
2902,2014-12-12,0.122
2903,2014-12-13,0.067
2904,2014-12-14,0.103
2905,2014-12-15,-0.104
2906,2014-12-16,-0.24
2907,2014-12-17,-0.077
2908,2014-12-18,0.132
2909,2014-12-19,0.32
2910,2014-12-20,-0.373
2911,2014-12-21,0.0
2912,2014-12-22,0.05
2913,2014-12-23,0.048
2914,2014-12-24,-0.041
2915,2014-12-25,-0.601
2916,2014-12-26,0.0
2917,2014-12-27,0.0
2918,2014-12-28,0.0
2919,2014-12-29,0.296
2920,2014-12-30,0.18
2921,2014-12-31,0.173
2922,2015-01-01,0.0
2923,2015-01-02,-0.156
2924,2015-01-03,0.296
2925,2015-01-04,-0.844
2926,2015-01-05,0.056
2927,2015-01-06,-0.253
2928,2015-01-07,-0.181
2929,2015-01-08,0.11
2930,2015-01-09,0.486
2931,2015-01-10,0.261
2932,2015-01-11,-0.402
2933,2015-01-12,0.158
2934,2015-01-13,0.342
2935,2015-01-14,0.16
2936,2015-01-15,0.12
2937,2015-01-16,-0.054
2938,2015-01-17,0.319
2939,2015-01-18,-0.411
2940,2015-01-19,0.017
2941,2015-01-20,-0.019
2942,2015-01-21,0.202
2943,2015-01-22,-0.147
2944,2015-01-23,0.017
2945,2015-01-24,0.164
2946,2015-01-25,-0.25
2947,2015-01-26,-0.195
2948,2015-01-27,0.346
2949,2015-01-28,-0.056
2950,2015-01-29,-0.124
2951,2015-01-30,0.015
2952,2015-01-31,0.129
2953,2015-02-01,-0.081
2954,2015-02-02,0.051
2955,2015-02-03,0.042
2956,2015-02-04,0.079
2957,2015-02-05,0.254
2958,2015-02-06,0.316
2959,2015-02-07,-0.454
2960,2015-02-08,0.0
2961,2015-02-09,0.138
2962,2015-02-10,0.045
2963,2015-02-11,0.184
2964,2015-02-12,0.15
2965,2015-02-13,-0.106
2966,2015-02-14,0.344
2967,2015-02-15,0.0
2968,2015-02-16,-0.1
2969,2015-02-17,0.129
2970,2015-02-18,0.059
2971,2015-02-19,0.142
2972,2015-02-20,0.058
2973,2015-02-21,-0.368
2974,2015-02-22,-0.099
2975,2015-02-23,0.323
2976,2015-02-24,0.166
2977,2015-02-25,0.112
2978,2015-02-26,0.17
2979,2015-02-27,0.163
2980,2015-02-28,0.127
2981,2015-03-01,0.0
2982,2015-03-02,0.123
2983,2015-03-03,0.181
2984,2015-03-04,-0.036
2985,2015-03-05,-0.034
2986,2015-03-06,-0.323
2987,2015-03-07,-0.26
2988,2015-03-08,0.0
2989,2015-03-09,-0.128
2990,2015-03-10,0.189
2991,2015-03-11,0.042
2992,2015-03-12,0.182
2993,2015-03-13,0.052
2994,2015-03-14,0.15
2995,2015-03-15,0.144
2996,2015-03-16,0.086
2997,2015-03-17,0.05
2998,2015-03-18,-0.017
2999,2015-03-19,0.309
3000,2015-03-20,0.054
3001,2015-03-21,0.468
3002,2015-03-22,0.0
3003,2015-03-23,0.398
3004,2015-03-24,0.184
3005,2015-03-25,0.105
3006,2015-03-26,0.105
3007,2015-03-27,0.463
3008,2015-03-28,0.241
3009,2015-03-29,0.586
3010,2015-03-30,0.043
3011,2015-03-31,-0.094
3012,2015-04-01,0.39
3013,2015-04-02,0.185
3014,2015-04-03,0.198
3015,2015-04-04,0.103
3016,2015-04-05,0.0
3017,2015-04-06,0.273
3018,2015-04-07,-0.175
3019,2015-04-08,0.218
3020,2015-04-09,0.067
3021,2015-04-10,-0.108
3022,2015-04-11,0.397
3023,2015-04-12,0.0
3024,2015-04-13,-0.068
3025,2015-04-14,-0.166
3026,2015-04-15,-0.025
3027,2015-04-16,0.009
3028,2015-04-17,0.006
3029,2015-04-18,0.039
3030,2015-04-19,-0.758
3031,2015-04-20,0.276
3032,2015-04-21,0.043
3033,2015-04-22,0.338
3034,2015-04-23,-0.052
3035,2015-04-24,0.069
3036,2015-04-25,0.082
3037,2015-04-26,0.0
3038,2015-04-27,0.248
3039,2015-04-28,0.095
3040,2015-04-29,-0.079
3041,2015-04-30,-0.03
3042,2015-05-01,-0.101
3043,2015-05-02,-0.557
3044,2015-05-03,-0.622
3045,2015-05-04,-0.045
3046,2015-05-05,0.066
3047,2015-05-06,0.013
3048,2015-05-07,0.26
3049,2015-05-08,0.306
3050,2015-05-09,-0.388
3051,2015-05-10,-0.477
3052,2015-05-11,-0.056
3053,2015-05-12,0.073
3054,2015-05-13,0.274
3055,2015-05-14,0.141
3056,2015-05-15,-0.078
3057,2015-05-16,-0.002
3058,2015-05-17,0.402
3059,2015-05-18,0.28
3060,2015-05-19,0.174
3061,2015-05-20,0.289
3062,2015-05-21,0.405
3063,2015-05-22,0.234
3064,2015-05-23,0.111
3065,2015-05-24,0.0
3066,2015-05-25,0.391
3067,2015-05-26,0.197
3068,2015-05-27,-0.006
3069,2015-05-28,-0.044
3070,2015-05-29,0.034
3071,2015-05-30,-0.065
3072,2015-05-31,0.0
3073,2015-06-01,0.322
3074,2015-06-02,-0.332
3075,2015-06-03,0.189
3076,2015-06-04,-0.018
3077,2015-06-05,-0.328
3078,2015-06-06,-0.084
3079,2015-06-07,-0.296
3080,2015-06-08,-0.599
3081,2015-06-09,0.183
3082,2015-06-10,0.075
3083,2015-06-11,0.263
3084,2015-06-12,-0.008
3085,2015-06-13,0.339
3086,2015-06-14,-0.273
3087,2015-06-15,0.234
3088,2015-06-16,-0.115
3089,2015-06-17,-0.075
3090,2015-06-18,0.061
3091,2015-06-19,0.056
3092,2015-06-20,0.296
3093,2015-06-21,0.0
3094,2015-06-22,0.108
3095,2015-06-23,0.216
3096,2015-06-24,0.345
3097,2015-06-25,-0.133
3098,2015-06-26,-0.258
3099,2015-06-27,-0.201
3100,2015-06-28,0.0
3101,2015-06-29,0.082
3102,2015-06-30,-0.015
3103,2015-07-01,0.026
3104,2015-07-02,0.188
3105,2015-07-03,0.099
3106,2015-07-04,0.017
3107,2015-07-05,0.0
3108,2015-07-06,-0.151
3109,2015-07-07,0.063
3110,2015-07-08,0.07
3111,2015-07-09,0.045
3112,2015-07-10,0.117
3113,2015-07-11,0.586
3114,2015-07-12,0.0
3115,2015-07-13,0.345
3116,2015-07-14,0.241
3117,2015-07-15,0.139
3118,2015-07-16,0.234
3119,2015-07-17,0.196
3120,2015-07-18,0.086
3121,2015-07-19,0.053
3122,2015-07-20,-0.277
3123,2015-07-21,0.066
3124,2015-07-22,0.165
3125,2015-07-23,0.232
3126,2015-07-24,0.227
3127,2015-07-25,-0.511
3128,2015-07-26,0.0
3129,2015-07-27,0.301
3130,2015-07-28,0.086
3131,2015-07-29,0.069
3132,2015-07-30,0.066
3133,2015-07-31,0.383
3134,2015-08-01,0.11
3135,2015-08-02,0.039
3136,2015-08-03,0.118
3137,2015-08-04,0.398
3138,2015-08-05,0.013
3139,2015-08-06,0.173
3140,2015-08-07,0.037
3141,2015-08-08,0.103
3142,2015-08-09,0.0
3143,2015-08-10,0.042
3144,2015-08-11,0.057
3145,2015-08-12,0.061
3146,2015-08-13,0.294
3147,2015-08-14,0.386
3148,2015-08-15,-0.19
3149,2015-08-16,0.0
3150,2015-08-17,0.223
3151,2015-08-18,0.418
3152,2015-08-19,0.187
3153,2015-08-20,0.179
3154,2015-08-21,0.143
3155,2015-08-22,-0.24
3156,2015-08-23,0.0
3157,2015-08-24,0.0
3158,2015-08-25,-0.176
3159,2015-08-26,0.26
3160,2015-08-27,0.311
3161,2015-08-28,0.24
3162,2015-08-29,0.577
3163,2015-08-30,0.784
3164,2015-08-31,0.382
3165,2015-09-01,0.211
3166,2015-09-02,-0.048
3167,2015-09-03,-0.0
3168,2015-09-04,0.274
3169,2015-09-05,-0.264
3170,2015-09-06,0.555
3171,2015-09-07,-0.022
3172,2015-09-08,0.283
3173,2015-09-09,-0.013
3174,2015-09-10,0.133
3175,2015-09-11,0.015
3176,2015-09-12,0.153
3177,2015-09-13,0.0
3178,2015-09-14,0.373
3179,2015-09-15,0.27
3180,2015-09-16,0.119
3181,2015-09-17,0.301
3182,2015-09-18,0.315
3183,2015-09-19,0.412
3184,2015-09-20,0.106
3185,2015-09-21,0.072
3186,2015-09-22,0.332
3187,2015-09-23,0.013
3188,2015-09-24,-0.083
3189,2015-09-25,-0.03
3190,2015-09-26,0.334
3191,2015-09-27,-0.109
3192,2015-09-28,0.059
3193,2015-09-29,-0.08
3194,2015-09-30,0.284
3195,2015-10-01,0.12
3196,2015-10-02,-0.112
3197,2015-10-03,0.144
3198,2015-10-04,-0.474
3199,2015-10-05,0.191
3200,2015-10-06,0.276
3201,2015-10-07,0.004
3202,2015-10-08,-0.042
3203,2015-10-09,0.065
3204,2015-10-10,0.09
3205,2015-10-11,-0.25
3206,2015-10-12,0.034
3207,2015-10-13,0.244
3208,2015-10-14,0.4
3209,2015-10-15,0.122
3210,2015-10-16,0.056
3211,2015-10-17,0.385
3212,2015-10-18,-0.318
3213,2015-10-19,0.447
3214,2015-10-20,-0.309
3215,2015-10-21,0.073
3216,2015-10-22,-0.04
3217,2015-10-23,0.116
3218,2015-10-24,0.311
3219,2015-10-25,0.0
3220,2015-10-26,0.229
3221,2015-10-27,-0.027
3222,2015-10-28,0.184
3223,2015-10-29,0.095
3224,2015-10-30,0.02
3225,2015-10-31,0.107
3226,2015-11-01,0.477
3227,2015-11-02,0.142
3228,2015-11-03,0.239
3229,2015-11-04,0.265
3230,2015-11-05,0.309
3231,2015-11-06,0.077
3232,2015-11-07,-0.237
3233,2015-11-08,0.0
3234,2015-11-09,0.204
3235,2015-11-10,0.001
3236,2015-11-11,-0.018
3237,2015-11-12,0.234
3238,2015-11-13,0.253
3239,2015-11-14,0.136
3240,2015-11-15,0.0
3241,2015-11-16,-0.105
3242,2015-11-17,0.118
3243,2015-11-18,0.044
3244,2015-11-19,0.015
3245,2015-11-20,0.387
3246,2015-11-21,0.167
3247,2015-11-22,0.0
3248,2015-11-23,-0.079
3249,2015-11-24,-0.04
3250,2015-11-25,0.332
3251,2015-11-26,0.11
3252,2015-11-27,0.19
3253,2015-11-28,0.097
3254,2015-11-29,0.178
3255,2015-11-30,0.27
3256,2015-12-01,0.05
3257,2015-12-02,0.155
3258,2015-12-03,0.236
3259,2015-12-04,0.167
3260,2015-12-05,0.12
3261,2015-12-06,0.296
3262,2015-12-07,0.279
3263,2015-12-08,0.086
3264,2015-12-09,0.23
3265,2015-12-10,-0.023
3266,2015-12-11,0.24
3267,2015-12-12,0.136
3268,2015-12-13,-0.557
3269,2015-12-14,-0.072
3270,2015-12-15,0.236
3271,2015-12-16,0.176
3272,2015-12-17,0.335
3273,2015-12-18,-0.045
3274,2015-12-19,0.331
3275,2015-12-20,0.0
3276,2015-12-21,-0.072
3277,2015-12-22,0.121
3278,2015-12-23,0.297
3279,2015-12-24,0.184
3280,2015-12-25,0.459
3281,2015-12-26,-0.402
3282,2015-12-27,0.042
3283,2015-12-28,-0.681
3284,2015-12-29,0.112
3285,2015-12-30,0.005
3286,2015-12-31,0.0
3287,2016-01-01,0.0
3288,2016-01-02,0.0
3289,2016-01-03,0.0
3290,2016-01-04,0.092
3291,2016-01-05,0.012
3292,2016-01-06,0.048
3293,2016-01-07,-0.486
3294,2016-01-08,-0.258
3295,2016-01-09,-0.221
3296,2016-01-10,0.032
3297,2016-01-11,-0.133
3298,2016-01-12,-0.143
3299,2016-01-13,0.274
3300,2016-01-14,0.233
3301,2016-01-15,0.039
3302,2016-01-16,-0.149
3303,2016-01-17,0.133
3304,2016-01-18,0.2
3305,2016-01-19,0.263
3306,2016-01-20,-0.176
3307,2016-01-21,0.041
3308,2016-01-22,0.109
3309,2016-01-23,0.612
3310,2016-01-24,-0.827
3311,2016-01-25,0.256
3312,2016-01-26,0.235
3313,2016-01-27,0.176
3314,2016-01-28,0.128
3315,2016-01-29,0.34
3316,2016-01-30,0.501
3317,2016-01-31,0.572
3318,2016-02-01,0.228
3319,2016-02-02,0.365
3320,2016-02-03,-0.059
3321,2016-02-04,0.287
3322,2016-02-05,-0.222
3323,2016-02-06,-0.128
3324,2016-02-07,0.402
3325,2016-02-08,0.107
3326,2016-02-09,-0.021
3327,2016-02-10,0.209
3328,2016-02-11,0.066
3329,2016-02-12,0.208
3330,2016-02-13,0.139
3331,2016-02-14,0.0
3332,2016-02-15,0.195
3333,2016-02-16,0.325
3334,2016-02-17,0.232
3335,2016-02-18,0.082
3336,2016-02-19,0.237
3337,2016-02-20,-0.312
3338,2016-02-21,0.27
3339,2016-02-22,0.182
3340,2016-02-23,0.285
3341,2016-02-24,0.236
3342,2016-02-25,-0.045
3343,2016-02-26,0.065
3344,2016-02-27,0.149
3345,2016-02-28,0.4
3346,2016-02-29,0.585
3347,2016-03-01,0.369
3348,2016-03-02,0.059
3349,2016-03-03,-0.081
3350,2016-03-04,-0.074
3351,2016-03-05,0.089
3352,2016-03-06,0.586
3353,2016-03-07,0.141
3354,2016-03-08,-0.083
3355,2016-03-09,0.343
3356,2016-03-10,0.089
3357,2016-03-11,0.0
3358,2016-03-12,0.0
3359,2016-03-13,0.0
3360,2016-03-14,0.101
3361,2016-03-15,0.153
3362,2016-03-16,0.193
3363,2016-03-17,0.12
3364,2016-03-18,0.183
3365,2016-03-19,-0.135
3366,2016-03-20,-0.361
3367,2016-03-21,0.131
3368,2016-03-22,0.12
3369,2016-03-23,0.17
3370,2016-03-24,0.196
3371,2016-03-25,-0.232
3372,2016-03-26,0.0
3373,2016-03-27,0.019
3374,2016-03-28,0.599
3375,2016-03-29,0.034
3376,2016-03-30,0.203
3377,2016-03-31,0.092
3378,2016-04-01,-0.052
3379,2016-04-02,0.0
3380,2016-04-03,0.062
3381,2016-04-04,0.431
3382,2016-04-05,-0.146
3383,2016-04-06,0.285
3384,2016-04-07,0.413
3385,2016-04-08,0.141
3386,2016-04-09,-0.422
3387,2016-04-10,-0.103
3388,2016-04-11,-0.047
3389,2016-04-12,0.087
3390,2016-04-13,0.217
3391,2016-04-14,0.205
3392,2016-04-15,-0.036
3393,2016-04-16,0.0
3394,2016-04-17,-0.791
3395,2016-04-18,0.125
3396,2016-04-19,0.025
3397,2016-04-20,0.193
3398,2016-04-21,0.204
3399,2016-04-22,0.264
3400,2016-04-23,-0.344
3401,2016-04-24,-0.361
3402,2016-04-25,0.0
3403,2016-04-26,-0.021
3404,2016-04-27,-0.091
3405,2016-04-28,-0.017
3406,2016-04-29,-0.019
3407,2016-04-30,0.045
3408,2016-05-01,-0.186
3409,2016-05-02,0.243
3410,2016-05-03,-0.007
3411,2016-05-04,-0.034
3412,2016-05-05,0.148
3413,2016-05-06,0.178
3414,2016-05-07,0.285
3415,2016-05-08,-0.128
3416,2016-05-09,-0.17
3417,2016-05-10,0.255
3418,2016-05-11,-0.073
3419,2016-05-12,-0.063
3420,2016-05-13,0.18
3421,2016-05-14,-0.056
3422,2016-05-15,0.0
3423,2016-05-16,-0.166
3424,2016-05-17,0.086
3425,2016-05-18,-0.018
3426,2016-05-19,0.16
3427,2016-05-20,0.002
3428,2016-05-21,0.493
3429,2016-05-22,0.361
3430,2016-05-23,0.226
3431,2016-05-24,0.203
3432,2016-05-25,0.195
3433,2016-05-26,-0.151
3434,2016-05-27,-0.154
3435,2016-05-28,0.242
3436,2016-05-29,-0.25
3437,2016-05-30,0.202
3438,2016-05-31,0.062
3439,2016-06-01,-0.023
3440,2016-06-02,0.266
3441,2016-06-03,-0.199
3442,2016-06-04,-0.029
3443,2016-06-05,-0.459
3444,2016-06-06,-0.184
3445,2016-06-07,0.2
3446,2016-06-08,-0.031
3447,2016-06-09,-0.12
3448,2016-06-10,-0.116
3449,2016-06-11,0.202
3450,2016-06-12,0.0
3451,2016-06-13,-0.511
3452,2016-06-14,0.212
3453,2016-06-15,0.078
3454,2016-06-16,0.055
3455,2016-06-17,0.169
3456,2016-06-18,-0.261
3457,2016-06-19,0.625
3458,2016-06-20,0.322
3459,2016-06-21,0.09
3460,2016-06-22,0.413
3461,2016-06-23,0.048
3462,2016-06-24,0.146
3463,2016-06-25,-0.143
3464,2016-06-26,0.0
3465,2016-06-27,-0.088
3466,2016-06-28,0.086
3467,2016-06-29,0.009
3468,2016-06-30,0.391
3469,2016-07-01,-0.111
3470,2016-07-02,-0.168
3471,2016-07-03,0.071
3472,2016-07-04,-0.11
3473,2016-07-05,0.193
3474,2016-07-06,0.228
3475,2016-07-07,-0.037
3476,2016-07-08,0.06
3477,2016-07-09,-0.292
3478,2016-07-10,0.527
3479,2016-07-11,0.005
3480,2016-07-12,0.392
3481,2016-07-13,0.119
3482,2016-07-14,0.405
3483,2016-07-15,0.473
3484,2016-07-16,-0.311
3485,2016-07-17,0.0
3486,2016-07-18,0.062
3487,2016-07-19,0.395
3488,2016-07-20,-0.19
3489,2016-07-21,-0.024
3490,2016-07-22,-0.063
3491,2016-07-23,0.113
3492,2016-07-24,0.0
3493,2016-07-25,-0.134
3494,2016-07-26,-0.229
3495,2016-07-27,0.053
3496,2016-07-28,0.037
3497,2016-07-29,-0.131
3498,2016-07-30,0.365
3499,2016-07-31,-0.778
3500,2016-08-01,0.059
3501,2016-08-02,0.026
3502,2016-08-03,-0.205
3503,2016-08-04,0.307
3504,2016-08-05,0.117
3505,2016-08-06,0.359
3506,2016-08-07,0.298
3507,2016-08-08,0.164
3508,2016-08-09,0.129
3509,2016-08-10,-0.279
3510,2016-08-11,0.012
3511,2016-08-12,0.193
3512,2016-08-13,0.131
3513,2016-08-14,0.0
3514,2016-08-15,-0.041
3515,2016-08-16,0.314
